start_tc,end_tc,start_s,end_s,track_index,display_name,material_name,resolved_filename,basename,source_class,media_kind,speed,volume,scale_x,alpha,extra_refs,path,material_id
0:00.000,0:23.733,0.0,23.733,0,Screenshot 2026-07-20 at 9.20.16 PM.png,Screenshot 2026-07-20 at 9.20.16 PM.png,Screenshot 2026-07-20 at 9.20.16 PM.png,ecf58f0535685422aff9ab6270e5acbb.png,legend_still,photo,1.0,1.0,2.2103013113002015,0.71,speeds:speed | canvases:canvas_color | material_animations:sticker_animation,##_draftpath_placeholder_0E685133-18CE-45ED-8CB8-2904A212EC80_##/Resources/local/ecf58f0535685422aff9ab6270e5acbb.png,01072997-B52C-48D1-8F29-9C8198874F8C
0:00.000,0:01.000,0.0,1.0,1,ivan_face.png,42c86639-8f93-4f97-a541-8cd5baf2fea8.png,ivan_face.png,82e6eb3930a2880ce515767d8a25001d.png,staged_kit,photo,1.0,1.0,1.0,0.68,speeds:speed | canvases:canvas_color | material_animations:sticker_animation,##_draftpath_placeholder_0E685133-18CE-45ED-8CB8-2904A212EC80_##/Resources/local/82e6eb3930a2880ce515767d8a25001d.png,F5A2F876-3075-44F2-BBB5-8A36BE12C191
0:00.000,0:01.000,0.0,1.0,7,A6FEF219-C756-4B3D-B0B1-A19F7A436019.PNG,A6FEF219-C756-4B3D-B0B1-A19F7A436019.PNG,A6FEF219-C756-4B3D-B0B1-A19F7A436019.PNG,3ef077c5b920e52972392e39b6515748.PNG,legend_still,photo,1.0,1.0,0.6628755863044142,0.44,speeds:speed | transitions:Blue Scan | canvases:canvas_color | material_animations:sticker_animation,##_draftpath_placeholder_0E685133-18CE-45ED-8CB8-2904A212EC80_##/Resources/local/3ef077c5b920e52972392e39b6515748.PNG,1AA2EE86-7A37-45E2-91C1-8BCDF1C3A979
0:01.000,0:03.133,1.0,3.133,7,group_photo.png,group_photo.png,group_photo.png,bf4eb6df4b4ac56aae3fede177f3378f.png,staged_kit,photo,1.0,1.0,1.0766692708333336,1.0,speeds:speed | transitions:Scan Modeling | canvases:canvas_color | material_animations:sticker_animation,##_draftpath_placeholder_0E685133-18CE-45ED-8CB8-2904A212EC80_##/Resources/local/bf4eb6df4b4ac56aae3fede177f3378f.png,8D466AAD-61ED-4C18-861D-E54EBA5A5AE2
0:01.933,0:03.267,1.933,3.267,9,F3EE7A0F-9754-4C2C-A19E-ABB85F901033.PNG,F3EE7A0F-9754-4C2C-A19E-ABB85F901033.PNG,F3EE7A0F-9754-4C2C-A19E-ABB85F901033.PNG,313d1aa5da3df5e2d173d103bd312da9.PNG,legend_still,photo,1.0,1.0,1.0,1.0,speeds:speed | canvases:canvas_color | material_animations:sticker_animation,##_draftpath_placeholder_0E685133-18CE-45ED-8CB8-2904A212EC80_##/Resources/local/313d1aa5da3df5e2d173d103bd312da9.PNG,DBBEB713-4E22-40F4-B82E-9F4B8B5FE272
0:03.133,0:05.633,3.133,5.633,7,hf_20260721_180849_1bca4562-8648-4f59-9057-639cf31ae7aa.mp4,hf_20260721_180849_1bca4562-8648-4f59-9057-639cf31ae7aa.mp4,hf_20260721_180849_1bca4562-8648-4f59-9057-639cf31ae7aa.mp4,f5a6fcee151fcb2af3a7811c10a9ff5d.mp4,legend_hf,video,1.6266664,1.0,1.0,0.62,speeds:speed | canvases:canvas_color | material_animations:sticker_animation,##_draftpath_placeholder_0E685133-18CE-45ED-8CB8-2904A212EC80_##/Resources/local/f5a6fcee151fcb2af3a7811c10a9ff5d.mp4,4D30EC99-467A-4603-B3E7-505496F83473
0:05.633,0:09.133,5.633,9.133,1,BD21D20E-C654-46F0-B35F-317407F4313E.PNG,BD21D20E-C654-46F0-B35F-317407F4313E.PNG,BD21D20E-C654-46F0-B35F-317407F4313E.PNG,d994fc6158a7eccaeeb3f185f40d06dd.PNG,legend_still,photo,1.0,1.0,0.5434975985331669,1.0,speeds:speed | canvases:canvas_color | material_animations:sticker_animation,##_draftpath_placeholder_0E685133-18CE-45ED-8CB8-2904A212EC80_##/Resources/local/d994fc6158a7eccaeeb3f185f40d06dd.PNG,6CB3BBE8-EF2F-4BFA-A9C0-FF8E93E8B376
0:05.633,0:09.133,5.633,9.133,7,signature_flyover.mp4,signature_flyover.mp4,signature_flyover.mp4,2406c2e2063ede312de176b41ab0a861.mp4,staged_phaser,video,2.88,0.0,1.7207643229166665,0.51,speeds:speed | transitions:Scan Modeling | canvases:canvas_color | material_animations:sticker_animation,##_draftpath_placeholder_0E685133-18CE-45ED-8CB8-2904A212EC80_##/Resources/local/2406c2e2063ede312de176b41ab0a861.mp4,919A111D-E97C-495A-AD29-F7CCDB151EDD
0:05.633,0:09.133,5.633,9.133,9,81812E74-D0C7-4122-B014-A03C89E83C29.PNG,81812E74-D0C7-4122-B014-A03C89E83C29.PNG,81812E74-D0C7-4122-B014-A03C89E83C29.PNG,894deae6a31a2faec9981d0a30f4347e.PNG,legend_still,photo,1.0,1.0,0.5071036682951471,1.0,speeds:speed | canvases:canvas_color | material_animations:sticker_animation,##_draftpath_placeholder_0E685133-18CE-45ED-8CB8-2904A212EC80_##/Resources/local/894deae6a31a2faec9981d0a30f4347e.PNG,3ADAA3C6-F6BF-439A-AE6B-D29FDEF9CCAB
0:09.133,0:11.167,9.133,11.167,7,hf_20260707_234503_7bb94590-20a2-489c-afdb-5a2305e6c91a 2.MP4,hf_20260707_234503_7bb94590-20a2-489c-afdb-5a2305e6c91a 2.MP4,hf_20260707_234503_7bb94590-20a2-489c-afdb-5a2305e6c91a 2.MP4,3cee6f8169fbf8d59e33dfe607ced261.MP4,legend_hf,video,1.51,1.0,1.0,0.0,speeds:speed | canvases:canvas_color | material_animations:sticker_animation,##_draftpath_placeholder_0E685133-18CE-45ED-8CB8-2904A212EC80_##/Resources/local/3cee6f8169fbf8d59e33dfe607ced261.MP4,63F200C0-904C-4B08-BBDD-640DB06C5B73
0:10.700,0:12.067,10.7,12.067,9,648FD450-3CA8-4DB0-A398-CBCC1C3436D9.PNG,648FD450-3CA8-4DB0-A398-CBCC1C3436D9.PNG,648FD450-3CA8-4DB0-A398-CBCC1C3436D9.PNG,4d59ef143534d300d520538a6c06d933.PNG,legend_still,photo,1.0,1.0,0.9336916576194952,1.0,speeds:speed | transitions:Scanline Compression | canvases:canvas_color | material_animations:sticker_animation,##_draftpath_placeholder_0E685133-18CE-45ED-8CB8-2904A212EC80_##/Resources/local/4d59ef143534d300d520538a6c06d933.PNG,5BF97391-3105-4679-A3DF-82E548C68ED4
0:12.067,0:14.667,12.067,14.667,9,signature_flyover.mp4,signature_flyover.mp4,signature_flyover.mp4,2406c2e2063ede312de176b41ab0a861.mp4,staged_phaser,video,2.88,0.0,3.102585604472397,0.51,speeds:speed | canvases:canvas_color | material_animations:sticker_animation,##_draftpath_placeholder_0E685133-18CE-45ED-8CB8-2904A212EC80_##/Resources/local/2406c2e2063ede312de176b41ab0a861.mp4,8A21C9EC-E8DE-42F4-9363-F4770995BD65
0:14.667,0:15.300,14.667,15.3,9,hf_20260721_210518_e3cbd9ab-4729-4a63-b39e-3371b37d1c41.mp4,hf_20260721_210518_e3cbd9ab-4729-4a63-b39e-3371b37d1c41.mp4,hf_20260721_210518_e3cbd9ab-4729-4a63-b39e-3371b37d1c41.mp4,9a206eff4bbd8345ccc972b08835467f.mp4,legend_hf,video,1.0,1.0,0.6717886904761908,0.49,speeds:speed | canvases:canvas_color,##_draftpath_placeholder_0E685133-18CE-45ED-8CB8-2904A212EC80_##/Resources/local/9a206eff4bbd8345ccc972b08835467f.mp4,46F14F4D-C43F-4978-8837-62804B52D6AF
0:14.667,0:16.600,14.667,16.6,10,hf_20260721_210518_e3cbd9ab-4729-4a63-b39e-3371b37d1c41.mp4,hf_20260721_210518_e3cbd9ab-4729-4a63-b39e-3371b37d1c41.mp4,hf_20260721_210518_e3cbd9ab-4729-4a63-b39e-3371b37d1c41.mp4,9a206eff4bbd8345ccc972b08835467f.mp4,legend_hf,video,1.51,1.0,0.8390502232142858,0.5,speeds:speed | canvases:canvas_color | material_animations:sticker_animation,##_draftpath_placeholder_0E685133-18CE-45ED-8CB8-2904A212EC80_##/Resources/local/9a206eff4bbd8345ccc972b08835467f.mp4,D126FD63-E4E6-4EE9-8090-57C4723890B2
0:15.300,0:16.600,15.3,16.6,9,hf_20260721_210518_e3cbd9ab-4729-4a63-b39e-3371b37d1c41.mp4,hf_20260721_210518_e3cbd9ab-4729-4a63-b39e-3371b37d1c41.mp4,hf_20260721_210518_e3cbd9ab-4729-4a63-b39e-3371b37d1c41.mp4,9a206eff4bbd8345ccc972b08835467f.mp4,legend_hf,video,1.0,1.0,0.652482142857143,0.49,speeds:speed | canvases:canvas_color | material_animations:sticker_animation,##_draftpath_placeholder_0E685133-18CE-45ED-8CB8-2904A212EC80_##/Resources/local/9a206eff4bbd8345ccc972b08835467f.mp4,AA20AB93-A47B-4554-A89B-CB4EDDC91F60
0:17.433,0:20.300,17.433,20.3,9,irene_namecard.png,irene_namecard.png,irene_namecard.png,f9b5db0f17c7f4acde3915825f373b21.png,staged_kit,photo,1.0,1.0,1.178197064989518,1.0,speeds:speed | canvases:canvas_color | material_animations:sticker_animation,##_draftpath_placeholder_0E685133-18CE-45ED-8CB8-2904A212EC80_##/Resources/local/f9b5db0f17c7f4acde3915825f373b21.png,EFDC87B2-9A77-4CED-B41A-E061C68319A7
0:18.733,0:20.300,18.733,20.3,10,ivan_namecard.png,ivan_namecard.png,ivan_namecard.png,8b5d7d63ad654962b5ad8f6151ae4feb.png,staged_kit,photo,1.0,1.0,1.178197064989518,1.0,speeds:speed | canvases:canvas_color | material_animations:sticker_animation,##_draftpath_placeholder_0E685133-18CE-45ED-8CB8-2904A212EC80_##/Resources/local/8b5d7d63ad654962b5ad8f6151ae4feb.png,BA46BDF9-D6A0-4F69-954D-A6F80A361439
0:20.333,0:22.233,20.333,22.233,1,hf_20260721_213332_a8ad8e8d-3160-41a8-be5c-4578f6ccc2bb.mp4,hf_20260721_213332_a8ad8e8d-3160-41a8-be5c-4578f6ccc2bb.mp4,hf_20260721_213332_a8ad8e8d-3160-41a8-be5c-4578f6ccc2bb.mp4,f97ad19874a376c7be44a65aae57b7c7.mp4,legend_hf,video,1.0,1.0,1.4226198060482529,0.78,speeds:speed | canvases:canvas_color | material_animations:sticker_animation,##_draftpath_placeholder_0E685133-18CE-45ED-8CB8-2904A212EC80_##/Resources/local/f97ad19874a376c7be44a65aae57b7c7.mp4,964FC8BC-74A5-482B-A529-71ADA3DD64DC
0:22.233,0:23.733,22.233,23.733,7,B1B40450-11F2-497D-AA63-BE33285A0C33.PNG,B1B40450-11F2-497D-AA63-BE33285A0C33.PNG,B1B40450-11F2-497D-AA63-BE33285A0C33.PNG,5ad60df93cd9fdd4f81ecdc0d1357a12.PNG,legend_still,photo,1.0,1.0,1.076483630952381,1.0,speeds:speed | canvases:canvas_color | material_animations:sticker_animation,##_draftpath_placeholder_0E685133-18CE-45ED-8CB8-2904A212EC80_##/Resources/local/5ad60df93cd9fdd4f81ecdc0d1357a12.PNG,EEF8B340-5FDE-42EA-BD64-05985F54C49A
0:23.733,0:29.667,23.733,29.667,0,Screenshot 2026-07-20 at 9.20.16 PM.png,Screenshot 2026-07-20 at 9.20.16 PM.png,Screenshot 2026-07-20 at 9.20.16 PM.png,ecf58f0535685422aff9ab6270e5acbb.png,legend_still,photo,1.0,1.0,2.2103013113002015,0.71,speeds:speed | canvases:canvas_color | material_animations:sticker_animation,##_draftpath_placeholder_0E685133-18CE-45ED-8CB8-2904A212EC80_##/Resources/local/ecf58f0535685422aff9ab6270e5acbb.png,D041D824-17C7-4162-9374-4CB013F0A45E
0:23.733,0:26.467,23.733,26.467,1,hf_20260721_213451_2bc1bd7a-cd39-4d44-b256-5c9a451bd4a3.mp4,hf_20260721_213451_2bc1bd7a-cd39-4d44-b256-5c9a451bd4a3.mp4,hf_20260721_213451_2bc1bd7a-cd39-4d44-b256-5c9a451bd4a3.mp4,ea3fdb80913455db422891d19120fa0b.mp4,legend_hf,video,1.0,1.0,1.391809314028976,0.78,speeds:speed | canvases:canvas_color | material_animations:sticker_animation,##_draftpath_placeholder_0E685133-18CE-45ED-8CB8-2904A212EC80_##/Resources/local/ea3fdb80913455db422891d19120fa0b.mp4,3E382E1F-D780-4A17-ACEA-FA4DFC667855
0:26.467,0:29.433,26.467,29.433,1,A62E65DB-9C24-48C9-9155-AC75D9BCAB3A.PNG,A62E65DB-9C24-48C9-9155-AC75D9BCAB3A.PNG,A62E65DB-9C24-48C9-9155-AC75D9BCAB3A.PNG,67f86b77fff4127389de018616c2a7a3.PNG,legend_still,photo,1.0,1.0,1.0062893081761006,1.0,speeds:speed | canvases:canvas_color | material_animations:sticker_animation,##_draftpath_placeholder_0E685133-18CE-45ED-8CB8-2904A212EC80_##/Resources/local/67f86b77fff4127389de018616c2a7a3.PNG,9549924D-D63C-4913-8343-C81C0B4E9AF4
0:29.667,1:28.233,29.667,88.233,0,Screenshot 2026-07-20 at 9.20.16 PM.png,Screenshot 2026-07-20 at 9.20.16 PM.png,Screenshot 2026-07-20 at 9.20.16 PM.png,ecf58f0535685422aff9ab6270e5acbb.png,legend_still,photo,1.0,1.0,2.2103013113002015,0.71,speeds:speed | canvases:canvas_color | material_animations:sticker_animation,##_draftpath_placeholder_0E685133-18CE-45ED-8CB8-2904A212EC80_##/Resources/local/ecf58f0535685422aff9ab6270e5acbb.png,AFC29CEC-2493-4BCA-8FB0-DA6847F66F64
0:30.433,0:32.933,30.433,32.933,7,B604EDFB-6058-4236-BB11-8368131FD45A.PNG,B604EDFB-6058-4236-BB11-8368131FD45A.PNG,B604EDFB-6058-4236-BB11-8368131FD45A.PNG,45e88954ea5d6f076be4bc20eacc0be0.PNG,legend_still,photo,1.0,1.0,1.1279058779761906,0.63,speeds:speed | canvases:canvas_color | material_animations:sticker_animation,##_draftpath_placeholder_0E685133-18CE-45ED-8CB8-2904A212EC80_##/Resources/local/45e88954ea5d6f076be4bc20eacc0be0.PNG,BB6D57F8-5B9F-477D-B320-1606C1462028
0:32.933,0:35.067,32.933,35.067,7,9290B06D-5B1B-4F0C-9EF2-C20BBE2E1D33.PNG,9290B06D-5B1B-4F0C-9EF2-C20BBE2E1D33.PNG,9290B06D-5B1B-4F0C-9EF2-C20BBE2E1D33.PNG,fb7a645b20ba48fc102113faa67a454f.PNG,legend_still,photo,1.0,1.0,1.0,1.0,speeds:speed | canvases:canvas_color | material_animations:sticker_animation,##_draftpath_placeholder_0E685133-18CE-45ED-8CB8-2904A212EC80_##/Resources/local/fb7a645b20ba48fc102113faa67a454f.PNG,D2DB4A76-E1CA-47BC-A60C-303E9A6F3CEB
0:34.933,0:46.733,34.933,46.733,8,C30B9252-9BC7-4BCF-8B25-E2252BEC5865.PNG,C30B9252-9BC7-4BCF-8B25-E2252BEC5865.PNG,C30B9252-9BC7-4BCF-8B25-E2252BEC5865.PNG,74df3b4adfdd3a4b5022a580cb2a592d.PNG,legend_still,photo,1.0,1.0,1.0,0.74,speeds:speed | canvases:canvas_color | material_animations:sticker_animation,##_draftpath_placeholder_0E685133-18CE-45ED-8CB8-2904A212EC80_##/Resources/local/74df3b4adfdd3a4b5022a580cb2a592d.PNG,0A100013-AF42-4093-AEC9-DFADF876D037
0:34.967,0:46.733,34.967,46.733,1,hf_20260722_033205_dbb4b386-0a93-4fb2-add2-4f8abbf5e02c.mp4,hf_20260722_033205_dbb4b386-0a93-4fb2-add2-4f8abbf5e02c.mp4,hf_20260722_033205_dbb4b386-0a93-4fb2-add2-4f8abbf5e02c.mp4,c318fdae2ee738658bf4e89778b36dd2.mp4,legend_hf,video,1.0,1.0,1.225640033828063,0.77,speeds:speed | transitions:Tremble Zoom | canvases:canvas_color | material_animations:sticker_animation,##_draftpath_placeholder_0E685133-18CE-45ED-8CB8-2904A212EC80_##/Resources/local/c318fdae2ee738658bf4e89778b36dd2.mp4,94CA5144-B298-4291-906E-0DFE58824808
0:37.667,0:46.733,37.667,46.733,9,C30B9252-9BC7-4BCF-8B25-E2252BEC5865.PNG,C30B9252-9BC7-4BCF-8B25-E2252BEC5865.PNG,C30B9252-9BC7-4BCF-8B25-E2252BEC5865.PNG,74df3b4adfdd3a4b5022a580cb2a592d.PNG,legend_still,photo,1.0,1.0,1.0,0.75,speeds:speed | canvases:canvas_color | material_animations:sticker_animation,##_draftpath_placeholder_0E685133-18CE-45ED-8CB8-2904A212EC80_##/Resources/local/74df3b4adfdd3a4b5022a580cb2a592d.PNG,6D7DEDD3-2BE0-4065-A108-CBF3AFB84EC3
0:41.333,0:46.733,41.333,46.733,7,C30B9252-9BC7-4BCF-8B25-E2252BEC5865.PNG,C30B9252-9BC7-4BCF-8B25-E2252BEC5865.PNG,C30B9252-9BC7-4BCF-8B25-E2252BEC5865.PNG,74df3b4adfdd3a4b5022a580cb2a592d.PNG,legend_still,photo,1.0,1.0,1.0,0.75,speeds:speed | canvases:canvas_color | material_animations:sticker_animation,##_draftpath_placeholder_0E685133-18CE-45ED-8CB8-2904A212EC80_##/Resources/local/74df3b4adfdd3a4b5022a580cb2a592d.PNG,F7868EC9-2F84-4BAD-8AB6-85C03DFAEBDD
0:44.400,0:46.733,44.4,46.733,10,C30B9252-9BC7-4BCF-8B25-E2252BEC5865.PNG,C30B9252-9BC7-4BCF-8B25-E2252BEC5865.PNG,C30B9252-9BC7-4BCF-8B25-E2252BEC5865.PNG,74df3b4adfdd3a4b5022a580cb2a592d.PNG,legend_still,photo,1.0,1.0,1.0,0.75,speeds:speed | canvases:canvas_color | material_animations:sticker_animation,##_draftpath_placeholder_0E685133-18CE-45ED-8CB8-2904A212EC80_##/Resources/local/74df3b4adfdd3a4b5022a580cb2a592d.PNG,51A4BA46-F180-4BBD-903F-945F7F8BD516
0:46.733,0:48.533,46.733,48.533,1,challenge_hold_for_shield.mp4,challenge_hold_for_shield.mp4,challenge_hold_for_shield.mp4,c406a80ddfc5a38972e433384c0022d7.mp4,staged_kit,video,1.0,4.409807205200195,1.0879223096509243,1.0,speeds:speed | canvases:canvas_color | material_animations:sticker_animation,##_draftpath_placeholder_0E685133-18CE-45ED-8CB8-2904A212EC80_##/Resources/local/c406a80ddfc5a38972e433384c0022d7.mp4,AE47958D-EE0B-4423-8EF6-6AA21F9C87CE
0:48.533,0:49.933,48.533,49.933,1,hf_20260722_180656_6cd309a4-5585-4bce-be92-dacb62838d73.mp4,hf_20260722_180656_6cd309a4-5585-4bce-be92-dacb62838d73.mp4,hf_20260722_180656_6cd309a4-5585-4bce-be92-dacb62838d73.mp4,7c36b43951a151e0a994305e8c89b66d.mp4,legend_hf,video,1.0,1.0,1.178197064989518,1.0,speeds:speed | canvases:canvas_color | material_animations:sticker_animation,##_draftpath_placeholder_0E685133-18CE-45ED-8CB8-2904A212EC80_##/Resources/local/7c36b43951a151e0a994305e8c89b66d.mp4,0D37BAC2-6033-4468-9067-8580E6C01B5F
0:48.533,0:51.933,48.533,51.933,7,8A0C4969-AA3E-467D-A5F6-9629E2DABF3C.PNG,8A0C4969-AA3E-467D-A5F6-9629E2DABF3C.PNG,8A0C4969-AA3E-467D-A5F6-9629E2DABF3C.PNG,0519b15d86cbbe1973de2343de748683.PNG,legend_still,photo,1.0,1.0,1.0,1.0,speeds:speed | canvases:canvas_color | material_animations:sticker_animation,##_draftpath_placeholder_0E685133-18CE-45ED-8CB8-2904A212EC80_##/Resources/local/0519b15d86cbbe1973de2343de748683.PNG,8B974084-9C8F-4C4F-8F5A-4F42D30643B6
0:49.933,0:51.933,49.933,51.933,1,hf_20260722_180145_39d9caec-adc3-408b-bd8d-8562938f5a23.mp4,hf_20260722_180145_39d9caec-adc3-408b-bd8d-8562938f5a23.mp4,hf_20260722_180145_39d9caec-adc3-408b-bd8d-8562938f5a23.mp4,8efb9989ea538399c7070db1982374fc.mp4,legend_hf,video,1.69,1.0,1.0,1.0,speeds:speed | canvases:canvas_color | material_animations:sticker_animation,##_draftpath_placeholder_0E685133-18CE-45ED-8CB8-2904A212EC80_##/Resources/local/8efb9989ea538399c7070db1982374fc.mp4,8BFA2219-3ED7-4507-9E5B-30714CA9E192
0:51.933,0:54.133,51.933,54.133,1,hf_20260722_180743_7444f0ec-98b3-462f-9877-dc4190a104e0.mp4,hf_20260722_180743_7444f0ec-98b3-462f-9877-dc4190a104e0.mp4,hf_20260722_180743_7444f0ec-98b3-462f-9877-dc4190a104e0.mp4,4bc7151bfd1d13a8258434bfd55dac90.mp4,legend_hf,video,1.86,1.0,1.0,1.0,speeds:speed | canvases:canvas_color,##_draftpath_placeholder_0E685133-18CE-45ED-8CB8-2904A212EC80_##/Resources/local/4bc7151bfd1d13a8258434bfd55dac90.mp4,CFCBB9A6-1911-49BC-942B-C6F7B748D484
0:53.767,0:56.833,53.767,56.833,6,Talk.mp4,Talk.mp4,Talk.mp4,af9ac492765103ae48d1d5445b959e13.mp4,staged_kit,video,1.65,1.0,1.0,0.0,speeds:speed | canvases:canvas_color | material_animations:sticker_animation,##_draftpath_placeholder_0E685133-18CE-45ED-8CB8-2904A212EC80_##/Resources/local/af9ac492765103ae48d1d5445b959e13.mp4,47F43490-46DB-41BB-B91B-D5A8A9576F87
0:53.767,0:58.733,53.767,58.733,7,D7AF15A5-3171-428E-9408-6135AA533103.PNG,D7AF15A5-3171-428E-9408-6135AA533103.PNG,D7AF15A5-3171-428E-9408-6135AA533103.PNG,18a30480a58063d6b9f1b2536538a87d.PNG,legend_still,photo,1.0,1.0,1.0,1.0,speeds:speed | common_mask:Split | canvases:canvas_color | material_animations:sticker_animation,##_draftpath_placeholder_0E685133-18CE-45ED-8CB8-2904A212EC80_##/Resources/local/18a30480a58063d6b9f1b2536538a87d.PNG,B47ECE60-8299-4F07-9215-5D586BA67708
0:56.833,0:58.733,56.833,58.733,6,D7AF15A5-3171-428E-9408-6135AA533103.PNG,D7AF15A5-3171-428E-9408-6135AA533103.PNG,D7AF15A5-3171-428E-9408-6135AA533103.PNG,18a30480a58063d6b9f1b2536538a87d.PNG,legend_still,photo,1.0,1.0,1.0,1.0,speeds:speed | canvases:canvas_color | material_animations:sticker_animation,##_draftpath_placeholder_0E685133-18CE-45ED-8CB8-2904A212EC80_##/Resources/local/18a30480a58063d6b9f1b2536538a87d.PNG,CB8B706E-FD58-491E-94DA-4EA4FA76D49A
0:58.733,1:00.033,58.733,60.033,1,Village.mp4,Village.mp4,Village.mp4,08b9fef2c5ba37da62c58f9e301daf4a.mp4,staged_kit,video,1.0,0.0,1.8695225762482648,0.58,speeds:speed | canvases:canvas_color | material_animations:sticker_animation,##_draftpath_placeholder_0E685133-18CE-45ED-8CB8-2904A212EC80_##/Resources/local/08b9fef2c5ba37da62c58f9e301daf4a.mp4,3B29700C-C895-4364-AF21-344682D5F950
1:00.033,1:03.067,60.033,63.067,1,ballots.mp4,ballots.mp4,ballots.mp4,b452d102029e70269ba314412fa53371.mp4,staged_kit,video,0.68,1.0,1.0,1.0,speeds:speed | canvases:canvas_color,##_draftpath_placeholder_0E685133-18CE-45ED-8CB8-2904A212EC80_##/Resources/local/b452d102029e70269ba314412fa53371.mp4,E6A5D321-F076-4136-BC7B-6F2B1FF70FF8
1:03.000,1:06.000,63.0,66.0,6,A9AF9451-8517-4889-8FCE-B225B77A95FC.PNG,A9AF9451-8517-4889-8FCE-B225B77A95FC.PNG,A9AF9451-8517-4889-8FCE-B225B77A95FC.PNG,2c61bee1e03d950d1f9a1c78659585af.PNG,legend_still,photo,1.0,1.0,1.0,1.0,speeds:speed | video_effects:Shake | common_mask:Split | canvases:canvas_color | material_animations:sticker_animation,##_draftpath_placeholder_0E685133-18CE-45ED-8CB8-2904A212EC80_##/Resources/local/2c61bee1e03d950d1f9a1c78659585af.PNG,566600CE-13CB-4C57-B000-3BC558B57755
1:06.000,1:08.367,66.0,68.367,2,ivan_leave_phaser.jpg,ivan_leave_phaser.jpg,ivan_leave_phaser.jpg,f985e45ae099b082eefa305abfd8a0cf.jpg,staged_phaser,photo,1.0,1.0,2.3743746664361622,0.73,speeds:speed | transitions:Tremble Zoom | canvases:canvas_color | material_animations:sticker_animation,##_draftpath_placeholder_0E685133-18CE-45ED-8CB8-2904A212EC80_##/Resources/local/f985e45ae099b082eefa305abfd8a0cf.jpg,74F9F823-2074-4C92-87CB-6196EE112181
1:08.367,1:11.633,68.367,71.633,2,hf_20260722_181212_32030a6f-2158-4d31-bb14-3680c68392a2.mp4,hf_20260722_181212_32030a6f-2158-4d31-bb14-3680c68392a2.mp4,hf_20260722_181212_32030a6f-2158-4d31-bb14-3680c68392a2.mp4,54f6305b7bb1c8b68f9033257b1261c0.mp4,legend_hf,video,1.0,1.0,1.178197064989518,1.0,speeds:speed | canvases:canvas_color | material_animations:sticker_animation,##_draftpath_placeholder_0E685133-18CE-45ED-8CB8-2904A212EC80_##/Resources/local/54f6305b7bb1c8b68f9033257b1261c0.mp4,3F5D171E-3D70-477E-B5DE-C5A3502AE849
1:11.633,1:13.267,71.633,73.267,2,hf_20260722_215402_d173dd7d-b468-402d-b3b0-df4cb632300e.mp4,hf_20260722_215402_d173dd7d-b468-402d-b3b0-df4cb632300e.mp4,hf_20260722_215402_d173dd7d-b468-402d-b3b0-df4cb632300e.mp4,aedb3c5e531952d117340031d21c94c4.mp4,legend_hf,video,1.78,1.0,1.0,1.0,speeds:speed | common_mask:Rectangle | canvases:canvas_color | material_animations:sticker_animation,##_draftpath_placeholder_0E685133-18CE-45ED-8CB8-2904A212EC80_##/Resources/local/aedb3c5e531952d117340031d21c94c4.mp4,80A35DA3-0C02-4F37-A445-00F3C8CC4794
1:11.633,1:13.267,71.633,73.267,5,2C03C154-F2C4-4558-9FEE-E8DA7D8D896E.PNG,2C03C154-F2C4-4558-9FEE-E8DA7D8D896E.PNG,2C03C154-F2C4-4558-9FEE-E8DA7D8D896E.PNG,68b17e74c6c21502b8d8e71656a33c1a.PNG,legend_still,photo,1.0,1.0,0.6091968403397146,0.77,speeds:speed | canvases:canvas_color | material_animations:sticker_animation,##_draftpath_placeholder_0E685133-18CE-45ED-8CB8-2904A212EC80_##/Resources/local/68b17e74c6c21502b8d8e71656a33c1a.PNG,6212209E-276C-45E2-9E13-0A5AD40C7921
1:14.233,1:15.833,74.233,75.833,2,hf_20260722_224930_b79c5195-4d80-496b-9254-260b9dcab667.mp4,hf_20260722_224930_b79c5195-4d80-496b-9254-260b9dcab667.mp4,hf_20260722_224930_b79c5195-4d80-496b-9254-260b9dcab667.mp4,91ab6c3d639082ca2cf14c2570599cfd.mp4,legend_hf,video,1.0,1.0,1.0,1.0,speeds:speed | canvases:canvas_color | material_animations:sticker_animation,##_draftpath_placeholder_0E685133-18CE-45ED-8CB8-2904A212EC80_##/Resources/local/91ab6c3d639082ca2cf14c2570599cfd.mp4,E8D1430A-2172-4EBF-A298-9654D75D2560
1:14.233,1:15.833,74.233,75.833,5,irene_face.png,irene_face.png,irene_face.png,db09a1862bc39e52478bc83fee64b74e.png,staged_kit,photo,1.0,1.0,1.606660725815097,0.38,speeds:speed | video_effects:Shake | canvases:canvas_color | material_animations:sticker_animation,##_draftpath_placeholder_0E685133-18CE-45ED-8CB8-2904A212EC80_##/Resources/local/db09a1862bc39e52478bc83fee64b74e.png,CDF76419-3595-460B-869B-30CA9657586B
1:15.833,1:18.367,75.833,78.367,2,hf_20260708_015857_9a406841-b4e2-4dd6-9a1e-4243d8f5b282 2.MP4,hf_20260708_015857_9a406841-b4e2-4dd6-9a1e-4243d8f5b282 2.MP4,hf_20260708_015857_9a406841-b4e2-4dd6-9a1e-4243d8f5b282 2.MP4,bc5766938f535beb4665369006eb0799.MP4,legend_hf,video,1.0,1.0,1.0,1.0,speeds:speed | canvases:canvas_color | material_animations:sticker_animation,##_draftpath_placeholder_0E685133-18CE-45ED-8CB8-2904A212EC80_##/Resources/local/bc5766938f535beb4665369006eb0799.MP4,5FF7A547-1670-4208-A4D6-8463818238DB
1:15.833,1:18.367,75.833,78.367,5,Talk.mp4,Talk.mp4,Talk.mp4,af9ac492765103ae48d1d5445b959e13.mp4,staged_kit,video,1.78,1.0,1.0,0.51,speeds:speed | canvases:canvas_color | material_animations:sticker_animation,##_draftpath_placeholder_0E685133-18CE-45ED-8CB8-2904A212EC80_##/Resources/local/af9ac492765103ae48d1d5445b959e13.mp4,58DE97C2-C0E0-485D-80A4-E17002EF83B9
1:18.367,1:20.600,78.367,80.6,2,hf_20260722_225047_3d0ced5c-c8db-4b60-b39d-59fbaf7bb889.mp4,hf_20260722_225047_3d0ced5c-c8db-4b60-b39d-59fbaf7bb889.mp4,hf_20260722_225047_3d0ced5c-c8db-4b60-b39d-59fbaf7bb889.mp4,a9cacec862fd0eb78dd269431ac87c28.mp4,legend_hf,video,1.72,1.0,1.0,1.0,speeds:speed | canvases:canvas_color | material_animations:sticker_animation,##_draftpath_placeholder_0E685133-18CE-45ED-8CB8-2904A212EC80_##/Resources/local/a9cacec862fd0eb78dd269431ac87c28.mp4,9DBE0A2B-5D39-4C5B-A787-34341B89EAF2
1:20.600,1:22.900,80.6,82.9,2,hf_20260722_230056_75260568-f1c8-4c85-ac18-5dfd29b58798.mp4,hf_20260722_230056_75260568-f1c8-4c85-ac18-5dfd29b58798.mp4,hf_20260722_230056_75260568-f1c8-4c85-ac18-5dfd29b58798.mp4,95a917233d3c16c3ce9fd96a85800dbd.mp4,legend_hf,video,1.0,1.0,1.0174729585165816,0.64,speeds:speed | canvases:canvas_color | material_animations:sticker_animation,##_draftpath_placeholder_0E685133-18CE-45ED-8CB8-2904A212EC80_##/Resources/local/95a917233d3c16c3ce9fd96a85800dbd.mp4,620D3D9B-6D37-453B-A587-9A2ABE1A91E3
1:22.900,1:25.600,82.9,85.6,3,hf_20260722_230756_90488b12-a80b-4f14-85e0-5f6398983f8a.mp4,hf_20260722_230756_90488b12-a80b-4f14-85e0-5f6398983f8a.mp4,hf_20260722_230756_90488b12-a80b-4f14-85e0-5f6398983f8a.mp4,707486d624a36a99604cb9ea29e7f637.mp4,legend_hf,video,1.5114770379893443,1.0,1.0,1.0,speeds:speed | canvases:canvas_color,##_draftpath_placeholder_0E685133-18CE-45ED-8CB8-2904A212EC80_##/Resources/local/707486d624a36a99604cb9ea29e7f637.mp4,6E115C8E-5E2C-44A6-A3FA-6E4996A7B868
1:25.600,1:26.733,85.6,86.733,3,signature_flyover.mp4,signature_flyover.mp4,signature_flyover.mp4,2406c2e2063ede312de176b41ab0a861.mp4,staged_phaser,video,4.23,0.0,1.7555555555555555,1.0,speeds:speed | canvases:canvas_color | material_animations:sticker_animation,##_draftpath_placeholder_0E685133-18CE-45ED-8CB8-2904A212EC80_##/Resources/local/2406c2e2063ede312de176b41ab0a861.mp4,0BA9A9F7-1A3F-4DDA-82EB-70A2C8652A8E
1:26.733,1:28.233,86.733,88.233,3,22F06DF6-E91F-4F98-9A12-B7CB1BE8A142.PNG,22F06DF6-E91F-4F98-9A12-B7CB1BE8A142.PNG,22F06DF6-E91F-4F98-9A12-B7CB1BE8A142.PNG,6f1dfa623b0d6a71a04237974961955b.PNG,legend_still,photo,1.0,1.0,1.0,1.0,speeds:speed | canvases:canvas_color | material_animations:sticker_animation,##_draftpath_placeholder_0E685133-18CE-45ED-8CB8-2904A212EC80_##/Resources/local/6f1dfa623b0d6a71a04237974961955b.PNG,5F8C663F-7291-4DD4-B7B1-E5DB58B57083
