kind,name,display_name,resolved_filename,resolved_origin,basename,source_class,duration_s,width,height,path,id
photo,Screenshot 2026-07-20 at 9.20.16 PM.png,Screenshot 2026-07-20 at 9.20.16 PM.png,Screenshot 2026-07-20 at 9.20.16 PM.png,legend,ecf58f0535685422aff9ab6270e5acbb.png,legend_still,10800.0,760,612,##_draftpath_placeholder_0E685133-18CE-45ED-8CB8-2904A212EC80_##/Resources/local/ecf58f0535685422aff9ab6270e5acbb.png,01072997-B52C-48D1-8F29-9C8198874F8C
photo,Screenshot 2026-07-20 at 9.20.16 PM.png,Screenshot 2026-07-20 at 9.20.16 PM.png,Screenshot 2026-07-20 at 9.20.16 PM.png,legend,ecf58f0535685422aff9ab6270e5acbb.png,legend_still,10800.0,760,612,##_draftpath_placeholder_0E685133-18CE-45ED-8CB8-2904A212EC80_##/Resources/local/ecf58f0535685422aff9ab6270e5acbb.png,D041D824-17C7-4162-9374-4CB013F0A45E
photo,Screenshot 2026-07-20 at 9.20.16 PM.png,Screenshot 2026-07-20 at 9.20.16 PM.png,Screenshot 2026-07-20 at 9.20.16 PM.png,legend,ecf58f0535685422aff9ab6270e5acbb.png,legend_still,10800.0,760,612,##_draftpath_placeholder_0E685133-18CE-45ED-8CB8-2904A212EC80_##/Resources/local/ecf58f0535685422aff9ab6270e5acbb.png,AFC29CEC-2493-4BCA-8FB0-DA6847F66F64
photo,42c86639-8f93-4f97-a541-8cd5baf2fea8.png,ivan_face.png,ivan_face.png,staged_refs,82e6eb3930a2880ce515767d8a25001d.png,staged_kit,10800.0,720,1280,##_draftpath_placeholder_0E685133-18CE-45ED-8CB8-2904A212EC80_##/Resources/local/82e6eb3930a2880ce515767d8a25001d.png,F5A2F876-3075-44F2-BBB5-8A36BE12C191
photo,BD21D20E-C654-46F0-B35F-317407F4313E.PNG,BD21D20E-C654-46F0-B35F-317407F4313E.PNG,BD21D20E-C654-46F0-B35F-317407F4313E.PNG,legend,d994fc6158a7eccaeeb3f185f40d06dd.PNG,legend_still,10800.0,1536,1024,##_draftpath_placeholder_0E685133-18CE-45ED-8CB8-2904A212EC80_##/Resources/local/d994fc6158a7eccaeeb3f185f40d06dd.PNG,6CB3BBE8-EF2F-4BFA-A9C0-FF8E93E8B376
video,hf_20260721_213332_a8ad8e8d-3160-41a8-be5c-4578f6ccc2bb.mp4,hf_20260721_213332_a8ad8e8d-3160-41a8-be5c-4578f6ccc2bb.mp4,hf_20260721_213332_a8ad8e8d-3160-41a8-be5c-4578f6ccc2bb.mp4,legend,f97ad19874a376c7be44a65aae57b7c7.mp4,legend_hf,4.067,1176,1764,##_draftpath_placeholder_0E685133-18CE-45ED-8CB8-2904A212EC80_##/Resources/local/f97ad19874a376c7be44a65aae57b7c7.mp4,964FC8BC-74A5-482B-A529-71ADA3DD64DC
video,hf_20260721_213451_2bc1bd7a-cd39-4d44-b256-5c9a451bd4a3.mp4,hf_20260721_213451_2bc1bd7a-cd39-4d44-b256-5c9a451bd4a3.mp4,hf_20260721_213451_2bc1bd7a-cd39-4d44-b256-5c9a451bd4a3.mp4,legend,ea3fdb80913455db422891d19120fa0b.mp4,legend_hf,4.067,1176,1764,##_draftpath_placeholder_0E685133-18CE-45ED-8CB8-2904A212EC80_##/Resources/local/ea3fdb80913455db422891d19120fa0b.mp4,3E382E1F-D780-4A17-ACEA-FA4DFC667855
photo,A62E65DB-9C24-48C9-9155-AC75D9BCAB3A.PNG,A62E65DB-9C24-48C9-9155-AC75D9BCAB3A.PNG,A62E65DB-9C24-48C9-9155-AC75D9BCAB3A.PNG,legend,67f86b77fff4127389de018616c2a7a3.PNG,legend_still,10800.0,1024,1536,##_draftpath_placeholder_0E685133-18CE-45ED-8CB8-2904A212EC80_##/Resources/local/67f86b77fff4127389de018616c2a7a3.PNG,9549924D-D63C-4913-8343-C81C0B4E9AF4
video,hf_20260722_033205_dbb4b386-0a93-4fb2-add2-4f8abbf5e02c.mp4,hf_20260722_033205_dbb4b386-0a93-4fb2-add2-4f8abbf5e02c.mp4,hf_20260722_033205_dbb4b386-0a93-4fb2-add2-4f8abbf5e02c.mp4,legend,c318fdae2ee738658bf4e89778b36dd2.mp4,legend_hf,12.067,716,1284,##_draftpath_placeholder_0E685133-18CE-45ED-8CB8-2904A212EC80_##/Resources/local/c318fdae2ee738658bf4e89778b36dd2.mp4,94CA5144-B298-4291-906E-0DFE58824808
video,challenge_hold_for_shield.mp4,challenge_hold_for_shield.mp4,challenge_hold_for_shield.mp4,staged_C_pressure,c406a80ddfc5a38972e433384c0022d7.mp4,staged_kit,2.067,720,1280,##_draftpath_placeholder_0E685133-18CE-45ED-8CB8-2904A212EC80_##/Resources/local/c406a80ddfc5a38972e433384c0022d7.mp4,AE47958D-EE0B-4423-8EF6-6AA21F9C87CE
video,hf_20260722_180656_6cd309a4-5585-4bce-be92-dacb62838d73.mp4,hf_20260722_180656_6cd309a4-5585-4bce-be92-dacb62838d73.mp4,hf_20260722_180656_6cd309a4-5585-4bce-be92-dacb62838d73.mp4,legend,7c36b43951a151e0a994305e8c89b66d.mp4,legend_hf,4.067,784,1176,##_draftpath_placeholder_0E685133-18CE-45ED-8CB8-2904A212EC80_##/Resources/local/7c36b43951a151e0a994305e8c89b66d.mp4,0D37BAC2-6033-4468-9067-8580E6C01B5F
video,hf_20260722_180145_39d9caec-adc3-408b-bd8d-8562938f5a23.mp4,hf_20260722_180145_39d9caec-adc3-408b-bd8d-8562938f5a23.mp4,hf_20260722_180145_39d9caec-adc3-408b-bd8d-8562938f5a23.mp4,legend,8efb9989ea538399c7070db1982374fc.mp4,legend_hf,4.067,720,1280,##_draftpath_placeholder_0E685133-18CE-45ED-8CB8-2904A212EC80_##/Resources/local/8efb9989ea538399c7070db1982374fc.mp4,8BFA2219-3ED7-4507-9E5B-30714CA9E192
video,hf_20260722_180743_7444f0ec-98b3-462f-9877-dc4190a104e0.mp4,hf_20260722_180743_7444f0ec-98b3-462f-9877-dc4190a104e0.mp4,hf_20260722_180743_7444f0ec-98b3-462f-9877-dc4190a104e0.mp4,legend,4bc7151bfd1d13a8258434bfd55dac90.mp4,legend_hf,4.067,720,1280,##_draftpath_placeholder_0E685133-18CE-45ED-8CB8-2904A212EC80_##/Resources/local/4bc7151bfd1d13a8258434bfd55dac90.mp4,CFCBB9A6-1911-49BC-942B-C6F7B748D484
video,Village.mp4,Village.mp4,Village.mp4,staged_E_cliff_door,08b9fef2c5ba37da62c58f9e301daf4a.mp4,staged_kit,3.067,1264,720,##_draftpath_placeholder_0E685133-18CE-45ED-8CB8-2904A212EC80_##/Resources/local/08b9fef2c5ba37da62c58f9e301daf4a.mp4,3B29700C-C895-4364-AF21-344682D5F950
video,ballots.mp4,ballots.mp4,ballots.mp4,staged_E_cliff_door,b452d102029e70269ba314412fa53371.mp4,staged_kit,2.067,720,1280,##_draftpath_placeholder_0E685133-18CE-45ED-8CB8-2904A212EC80_##/Resources/local/b452d102029e70269ba314412fa53371.mp4,E6A5D321-F076-4136-BC7B-6F2B1FF70FF8
photo,ivan_leave_phaser.jpg,ivan_leave_phaser.jpg,ivan_leave_phaser.jpg,staged_F_phaser,f985e45ae099b082eefa305abfd8a0cf.jpg,staged_phaser,10800.0,992,1040,##_draftpath_placeholder_0E685133-18CE-45ED-8CB8-2904A212EC80_##/Resources/local/f985e45ae099b082eefa305abfd8a0cf.jpg,74F9F823-2074-4C92-87CB-6196EE112181
video,hf_20260722_181212_32030a6f-2158-4d31-bb14-3680c68392a2.mp4,hf_20260722_181212_32030a6f-2158-4d31-bb14-3680c68392a2.mp4,hf_20260722_181212_32030a6f-2158-4d31-bb14-3680c68392a2.mp4,legend,54f6305b7bb1c8b68f9033257b1261c0.mp4,legend_hf,4.067,784,1176,##_draftpath_placeholder_0E685133-18CE-45ED-8CB8-2904A212EC80_##/Resources/local/54f6305b7bb1c8b68f9033257b1261c0.mp4,3F5D171E-3D70-477E-B5DE-C5A3502AE849
video,hf_20260722_215402_d173dd7d-b468-402d-b3b0-df4cb632300e.mp4,hf_20260722_215402_d173dd7d-b468-402d-b3b0-df4cb632300e.mp4,hf_20260722_215402_d173dd7d-b468-402d-b3b0-df4cb632300e.mp4,legend,aedb3c5e531952d117340031d21c94c4.mp4,legend_hf,4.067,720,1280,##_draftpath_placeholder_0E685133-18CE-45ED-8CB8-2904A212EC80_##/Resources/local/aedb3c5e531952d117340031d21c94c4.mp4,80A35DA3-0C02-4F37-A445-00F3C8CC4794
video,hf_20260722_224930_b79c5195-4d80-496b-9254-260b9dcab667.mp4,hf_20260722_224930_b79c5195-4d80-496b-9254-260b9dcab667.mp4,hf_20260722_224930_b79c5195-4d80-496b-9254-260b9dcab667.mp4,legend,91ab6c3d639082ca2cf14c2570599cfd.mp4,legend_hf,4.067,720,1280,##_draftpath_placeholder_0E685133-18CE-45ED-8CB8-2904A212EC80_##/Resources/local/91ab6c3d639082ca2cf14c2570599cfd.mp4,E8D1430A-2172-4EBF-A298-9654D75D2560
video,hf_20260708_015857_9a406841-b4e2-4dd6-9a1e-4243d8f5b282 2.MP4,hf_20260708_015857_9a406841-b4e2-4dd6-9a1e-4243d8f5b282 2.MP4,hf_20260708_015857_9a406841-b4e2-4dd6-9a1e-4243d8f5b282 2.MP4,legend,bc5766938f535beb4665369006eb0799.MP4,legend_hf,5.067,1072,1928,##_draftpath_placeholder_0E685133-18CE-45ED-8CB8-2904A212EC80_##/Resources/local/bc5766938f535beb4665369006eb0799.MP4,5FF7A547-1670-4208-A4D6-8463818238DB
video,hf_20260722_225047_3d0ced5c-c8db-4b60-b39d-59fbaf7bb889.mp4,hf_20260722_225047_3d0ced5c-c8db-4b60-b39d-59fbaf7bb889.mp4,hf_20260722_225047_3d0ced5c-c8db-4b60-b39d-59fbaf7bb889.mp4,legend,a9cacec862fd0eb78dd269431ac87c28.mp4,legend_hf,4.067,720,1280,##_draftpath_placeholder_0E685133-18CE-45ED-8CB8-2904A212EC80_##/Resources/local/a9cacec862fd0eb78dd269431ac87c28.mp4,9DBE0A2B-5D39-4C5B-A787-34341B89EAF2
video,hf_20260722_230056_75260568-f1c8-4c85-ac18-5dfd29b58798.mp4,hf_20260722_230056_75260568-f1c8-4c85-ac18-5dfd29b58798.mp4,hf_20260722_230056_75260568-f1c8-4c85-ac18-5dfd29b58798.mp4,legend,95a917233d3c16c3ce9fd96a85800dbd.mp4,legend_hf,4.067,716,1284,##_draftpath_placeholder_0E685133-18CE-45ED-8CB8-2904A212EC80_##/Resources/local/95a917233d3c16c3ce9fd96a85800dbd.mp4,620D3D9B-6D37-453B-A587-9A2ABE1A91E3
video,hf_20260722_230756_90488b12-a80b-4f14-85e0-5f6398983f8a.mp4,hf_20260722_230756_90488b12-a80b-4f14-85e0-5f6398983f8a.mp4,hf_20260722_230756_90488b12-a80b-4f14-85e0-5f6398983f8a.mp4,legend,707486d624a36a99604cb9ea29e7f637.mp4,legend_hf,4.067,720,1280,##_draftpath_placeholder_0E685133-18CE-45ED-8CB8-2904A212EC80_##/Resources/local/707486d624a36a99604cb9ea29e7f637.mp4,6E115C8E-5E2C-44A6-A3FA-6E4996A7B868
video,signature_flyover.mp4,signature_flyover.mp4,signature_flyover.mp4,staged_F_phaser,2406c2e2063ede312de176b41ab0a861.mp4,staged_phaser,10.067,1264,720,##_draftpath_placeholder_0E685133-18CE-45ED-8CB8-2904A212EC80_##/Resources/local/2406c2e2063ede312de176b41ab0a861.mp4,0BA9A9F7-1A3F-4DDA-82EB-70A2C8652A8E
photo,22F06DF6-E91F-4F98-9A12-B7CB1BE8A142.PNG,22F06DF6-E91F-4F98-9A12-B7CB1BE8A142.PNG,22F06DF6-E91F-4F98-9A12-B7CB1BE8A142.PNG,legend,6f1dfa623b0d6a71a04237974961955b.PNG,legend_still,10800.0,1254,1254,##_draftpath_placeholder_0E685133-18CE-45ED-8CB8-2904A212EC80_##/Resources/local/6f1dfa623b0d6a71a04237974961955b.PNG,5F8C663F-7291-4DD4-B7B1-E5DB58B57083
photo,2C03C154-F2C4-4558-9FEE-E8DA7D8D896E.PNG,2C03C154-F2C4-4558-9FEE-E8DA7D8D896E.PNG,2C03C154-F2C4-4558-9FEE-E8DA7D8D896E.PNG,legend,68b17e74c6c21502b8d8e71656a33c1a.PNG,legend_still,10800.0,1024,1536,##_draftpath_placeholder_0E685133-18CE-45ED-8CB8-2904A212EC80_##/Resources/local/68b17e74c6c21502b8d8e71656a33c1a.PNG,6212209E-276C-45E2-9E13-0A5AD40C7921
photo,irene_face.png,irene_face.png,irene_face.png,staged_refs,db09a1862bc39e52478bc83fee64b74e.png,staged_kit,10800.0,720,1280,##_draftpath_placeholder_0E685133-18CE-45ED-8CB8-2904A212EC80_##/Resources/local/db09a1862bc39e52478bc83fee64b74e.png,CDF76419-3595-460B-869B-30CA9657586B
video,Talk.mp4,Talk.mp4,Talk.mp4,staged_E_cliff_door,af9ac492765103ae48d1d5445b959e13.mp4,staged_kit,5.067,1848,1120,##_draftpath_placeholder_0E685133-18CE-45ED-8CB8-2904A212EC80_##/Resources/local/af9ac492765103ae48d1d5445b959e13.mp4,58DE97C2-C0E0-485D-80A4-E17002EF83B9
video,Talk.mp4,Talk.mp4,Talk.mp4,staged_E_cliff_door,af9ac492765103ae48d1d5445b959e13.mp4,staged_kit,5.067,1848,1120,##_draftpath_placeholder_0E685133-18CE-45ED-8CB8-2904A212EC80_##/Resources/local/af9ac492765103ae48d1d5445b959e13.mp4,47F43490-46DB-41BB-B91B-D5A8A9576F87
photo,D7AF15A5-3171-428E-9408-6135AA533103.PNG,D7AF15A5-3171-428E-9408-6135AA533103.PNG,D7AF15A5-3171-428E-9408-6135AA533103.PNG,legend,18a30480a58063d6b9f1b2536538a87d.PNG,legend_still,10800.0,942,1672,##_draftpath_placeholder_0E685133-18CE-45ED-8CB8-2904A212EC80_##/Resources/local/18a30480a58063d6b9f1b2536538a87d.PNG,CB8B706E-FD58-491E-94DA-4EA4FA76D49A
photo,A9AF9451-8517-4889-8FCE-B225B77A95FC.PNG,A9AF9451-8517-4889-8FCE-B225B77A95FC.PNG,A9AF9451-8517-4889-8FCE-B225B77A95FC.PNG,legend,2c61bee1e03d950d1f9a1c78659585af.PNG,legend_still,10800.0,942,1672,##_draftpath_placeholder_0E685133-18CE-45ED-8CB8-2904A212EC80_##/Resources/local/2c61bee1e03d950d1f9a1c78659585af.PNG,566600CE-13CB-4C57-B000-3BC558B57755
photo,A6FEF219-C756-4B3D-B0B1-A19F7A436019.PNG,A6FEF219-C756-4B3D-B0B1-A19F7A436019.PNG,A6FEF219-C756-4B3D-B0B1-A19F7A436019.PNG,legend,3ef077c5b920e52972392e39b6515748.PNG,legend_still,10800.0,1536,1024,##_draftpath_placeholder_0E685133-18CE-45ED-8CB8-2904A212EC80_##/Resources/local/3ef077c5b920e52972392e39b6515748.PNG,1AA2EE86-7A37-45E2-91C1-8BCDF1C3A979
photo,group_photo.png,group_photo.png,group_photo.png,staged_B_stake,bf4eb6df4b4ac56aae3fede177f3378f.png,staged_kit,10800.0,720,1280,##_draftpath_placeholder_0E685133-18CE-45ED-8CB8-2904A212EC80_##/Resources/local/bf4eb6df4b4ac56aae3fede177f3378f.png,8D466AAD-61ED-4C18-861D-E54EBA5A5AE2
video,hf_20260721_180849_1bca4562-8648-4f59-9057-639cf31ae7aa.mp4,hf_20260721_180849_1bca4562-8648-4f59-9057-639cf31ae7aa.mp4,hf_20260721_180849_1bca4562-8648-4f59-9057-639cf31ae7aa.mp4,legend,f5a6fcee151fcb2af3a7811c10a9ff5d.mp4,legend_hf,4.067,720,1280,##_draftpath_placeholder_0E685133-18CE-45ED-8CB8-2904A212EC80_##/Resources/local/f5a6fcee151fcb2af3a7811c10a9ff5d.mp4,4D30EC99-467A-4603-B3E7-505496F83473
video,signature_flyover.mp4,signature_flyover.mp4,signature_flyover.mp4,staged_F_phaser,2406c2e2063ede312de176b41ab0a861.mp4,staged_phaser,10.067,1264,720,##_draftpath_placeholder_0E685133-18CE-45ED-8CB8-2904A212EC80_##/Resources/local/2406c2e2063ede312de176b41ab0a861.mp4,919A111D-E97C-495A-AD29-F7CCDB151EDD
video,hf_20260707_234503_7bb94590-20a2-489c-afdb-5a2305e6c91a 2.MP4,hf_20260707_234503_7bb94590-20a2-489c-afdb-5a2305e6c91a 2.MP4,hf_20260707_234503_7bb94590-20a2-489c-afdb-5a2305e6c91a 2.MP4,legend,3cee6f8169fbf8d59e33dfe607ced261.MP4,legend_hf,3.067,1080,1920,##_draftpath_placeholder_0E685133-18CE-45ED-8CB8-2904A212EC80_##/Resources/local/3cee6f8169fbf8d59e33dfe607ced261.MP4,63F200C0-904C-4B08-BBDD-640DB06C5B73
photo,B1B40450-11F2-497D-AA63-BE33285A0C33.PNG,B1B40450-11F2-497D-AA63-BE33285A0C33.PNG,B1B40450-11F2-497D-AA63-BE33285A0C33.PNG,legend,5ad60df93cd9fdd4f81ecdc0d1357a12.PNG,legend_still,10800.0,1024,1538,##_draftpath_placeholder_0E685133-18CE-45ED-8CB8-2904A212EC80_##/Resources/local/5ad60df93cd9fdd4f81ecdc0d1357a12.PNG,EEF8B340-5FDE-42EA-BD64-05985F54C49A
photo,B604EDFB-6058-4236-BB11-8368131FD45A.PNG,B604EDFB-6058-4236-BB11-8368131FD45A.PNG,B604EDFB-6058-4236-BB11-8368131FD45A.PNG,legend,45e88954ea5d6f076be4bc20eacc0be0.PNG,legend_still,10800.0,942,1672,##_draftpath_placeholder_0E685133-18CE-45ED-8CB8-2904A212EC80_##/Resources/local/45e88954ea5d6f076be4bc20eacc0be0.PNG,BB6D57F8-5B9F-477D-B320-1606C1462028
photo,9290B06D-5B1B-4F0C-9EF2-C20BBE2E1D33.PNG,9290B06D-5B1B-4F0C-9EF2-C20BBE2E1D33.PNG,9290B06D-5B1B-4F0C-9EF2-C20BBE2E1D33.PNG,legend,fb7a645b20ba48fc102113faa67a454f.PNG,legend_still,10800.0,1122,1402,##_draftpath_placeholder_0E685133-18CE-45ED-8CB8-2904A212EC80_##/Resources/local/fb7a645b20ba48fc102113faa67a454f.PNG,D2DB4A76-E1CA-47BC-A60C-303E9A6F3CEB
photo,C30B9252-9BC7-4BCF-8B25-E2252BEC5865.PNG,C30B9252-9BC7-4BCF-8B25-E2252BEC5865.PNG,C30B9252-9BC7-4BCF-8B25-E2252BEC5865.PNG,legend,74df3b4adfdd3a4b5022a580cb2a592d.PNG,legend_still,10800.0,1024,1536,##_draftpath_placeholder_0E685133-18CE-45ED-8CB8-2904A212EC80_##/Resources/local/74df3b4adfdd3a4b5022a580cb2a592d.PNG,F7868EC9-2F84-4BAD-8AB6-85C03DFAEBDD
photo,8A0C4969-AA3E-467D-A5F6-9629E2DABF3C.PNG,8A0C4969-AA3E-467D-A5F6-9629E2DABF3C.PNG,8A0C4969-AA3E-467D-A5F6-9629E2DABF3C.PNG,legend,0519b15d86cbbe1973de2343de748683.PNG,legend_still,10800.0,1536,1024,##_draftpath_placeholder_0E685133-18CE-45ED-8CB8-2904A212EC80_##/Resources/local/0519b15d86cbbe1973de2343de748683.PNG,8B974084-9C8F-4C4F-8F5A-4F42D30643B6
photo,D7AF15A5-3171-428E-9408-6135AA533103.PNG,D7AF15A5-3171-428E-9408-6135AA533103.PNG,D7AF15A5-3171-428E-9408-6135AA533103.PNG,legend,18a30480a58063d6b9f1b2536538a87d.PNG,legend_still,10800.0,942,1672,##_draftpath_placeholder_0E685133-18CE-45ED-8CB8-2904A212EC80_##/Resources/local/18a30480a58063d6b9f1b2536538a87d.PNG,B47ECE60-8299-4F07-9215-5D586BA67708
photo,C30B9252-9BC7-4BCF-8B25-E2252BEC5865.PNG,C30B9252-9BC7-4BCF-8B25-E2252BEC5865.PNG,C30B9252-9BC7-4BCF-8B25-E2252BEC5865.PNG,legend,74df3b4adfdd3a4b5022a580cb2a592d.PNG,legend_still,10800.0,1024,1536,##_draftpath_placeholder_0E685133-18CE-45ED-8CB8-2904A212EC80_##/Resources/local/74df3b4adfdd3a4b5022a580cb2a592d.PNG,0A100013-AF42-4093-AEC9-DFADF876D037
photo,F3EE7A0F-9754-4C2C-A19E-ABB85F901033.PNG,F3EE7A0F-9754-4C2C-A19E-ABB85F901033.PNG,F3EE7A0F-9754-4C2C-A19E-ABB85F901033.PNG,legend,313d1aa5da3df5e2d173d103bd312da9.PNG,legend_still,10800.0,1536,1024,##_draftpath_placeholder_0E685133-18CE-45ED-8CB8-2904A212EC80_##/Resources/local/313d1aa5da3df5e2d173d103bd312da9.PNG,DBBEB713-4E22-40F4-B82E-9F4B8B5FE272
photo,81812E74-D0C7-4122-B014-A03C89E83C29.PNG,81812E74-D0C7-4122-B014-A03C89E83C29.PNG,81812E74-D0C7-4122-B014-A03C89E83C29.PNG,legend,894deae6a31a2faec9981d0a30f4347e.PNG,legend_still,10800.0,1536,1024,##_draftpath_placeholder_0E685133-18CE-45ED-8CB8-2904A212EC80_##/Resources/local/894deae6a31a2faec9981d0a30f4347e.PNG,3ADAA3C6-F6BF-439A-AE6B-D29FDEF9CCAB
photo,648FD450-3CA8-4DB0-A398-CBCC1C3436D9.PNG,648FD450-3CA8-4DB0-A398-CBCC1C3436D9.PNG,648FD450-3CA8-4DB0-A398-CBCC1C3436D9.PNG,legend,4d59ef143534d300d520538a6c06d933.PNG,legend_still,10800.0,1024,1536,##_draftpath_placeholder_0E685133-18CE-45ED-8CB8-2904A212EC80_##/Resources/local/4d59ef143534d300d520538a6c06d933.PNG,5BF97391-3105-4679-A3DF-82E548C68ED4
video,signature_flyover.mp4,signature_flyover.mp4,signature_flyover.mp4,staged_F_phaser,2406c2e2063ede312de176b41ab0a861.mp4,staged_phaser,10.067,1264,720,##_draftpath_placeholder_0E685133-18CE-45ED-8CB8-2904A212EC80_##/Resources/local/2406c2e2063ede312de176b41ab0a861.mp4,8A21C9EC-E8DE-42F4-9363-F4770995BD65
video,hf_20260721_210518_e3cbd9ab-4729-4a63-b39e-3371b37d1c41.mp4,hf_20260721_210518_e3cbd9ab-4729-4a63-b39e-3371b37d1c41.mp4,hf_20260721_210518_e3cbd9ab-4729-4a63-b39e-3371b37d1c41.mp4,legend,9a206eff4bbd8345ccc972b08835467f.mp4,legend_hf,4.067,720,1280,##_draftpath_placeholder_0E685133-18CE-45ED-8CB8-2904A212EC80_##/Resources/local/9a206eff4bbd8345ccc972b08835467f.mp4,46F14F4D-C43F-4978-8837-62804B52D6AF
video,hf_20260721_210518_e3cbd9ab-4729-4a63-b39e-3371b37d1c41.mp4,hf_20260721_210518_e3cbd9ab-4729-4a63-b39e-3371b37d1c41.mp4,hf_20260721_210518_e3cbd9ab-4729-4a63-b39e-3371b37d1c41.mp4,legend,9a206eff4bbd8345ccc972b08835467f.mp4,legend_hf,4.067,720,1280,##_draftpath_placeholder_0E685133-18CE-45ED-8CB8-2904A212EC80_##/Resources/local/9a206eff4bbd8345ccc972b08835467f.mp4,AA20AB93-A47B-4554-A89B-CB4EDDC91F60
photo,irene_namecard.png,irene_namecard.png,irene_namecard.png,staged_B_stake,f9b5db0f17c7f4acde3915825f373b21.png,staged_kit,10800.0,1024,1536,##_draftpath_placeholder_0E685133-18CE-45ED-8CB8-2904A212EC80_##/Resources/local/f9b5db0f17c7f4acde3915825f373b21.png,EFDC87B2-9A77-4CED-B41A-E061C68319A7
photo,C30B9252-9BC7-4BCF-8B25-E2252BEC5865.PNG,C30B9252-9BC7-4BCF-8B25-E2252BEC5865.PNG,C30B9252-9BC7-4BCF-8B25-E2252BEC5865.PNG,legend,74df3b4adfdd3a4b5022a580cb2a592d.PNG,legend_still,10800.0,1024,1536,##_draftpath_placeholder_0E685133-18CE-45ED-8CB8-2904A212EC80_##/Resources/local/74df3b4adfdd3a4b5022a580cb2a592d.PNG,6D7DEDD3-2BE0-4065-A108-CBF3AFB84EC3
video,hf_20260721_210518_e3cbd9ab-4729-4a63-b39e-3371b37d1c41.mp4,hf_20260721_210518_e3cbd9ab-4729-4a63-b39e-3371b37d1c41.mp4,hf_20260721_210518_e3cbd9ab-4729-4a63-b39e-3371b37d1c41.mp4,legend,9a206eff4bbd8345ccc972b08835467f.mp4,legend_hf,4.067,720,1280,##_draftpath_placeholder_0E685133-18CE-45ED-8CB8-2904A212EC80_##/Resources/local/9a206eff4bbd8345ccc972b08835467f.mp4,D126FD63-E4E6-4EE9-8090-57C4723890B2
photo,ivan_namecard.png,ivan_namecard.png,ivan_namecard.png,staged_B_stake,8b5d7d63ad654962b5ad8f6151ae4feb.png,staged_kit,10800.0,1024,1536,##_draftpath_placeholder_0E685133-18CE-45ED-8CB8-2904A212EC80_##/Resources/local/8b5d7d63ad654962b5ad8f6151ae4feb.png,BA46BDF9-D6A0-4F69-954D-A6F80A361439
photo,C30B9252-9BC7-4BCF-8B25-E2252BEC5865.PNG,C30B9252-9BC7-4BCF-8B25-E2252BEC5865.PNG,C30B9252-9BC7-4BCF-8B25-E2252BEC5865.PNG,legend,74df3b4adfdd3a4b5022a580cb2a592d.PNG,legend_still,10800.0,1024,1536,##_draftpath_placeholder_0E685133-18CE-45ED-8CB8-2904A212EC80_##/Resources/local/74df3b4adfdd3a4b5022a580cb2a592d.PNG,51A4BA46-F180-4BBD-903F-945F7F8BD516
audios,Glitching Signal Glitch Futuristic Effect 2,Glitching Signal Glitch Futuristic Effect 2,,,8625df645137a82e2e310890f9471d82.mp3,capcut_stock,3.167,,,/Users/anyaf/Library/Containers/com.lemon.lvoverseas/Data/Movies/CapCut/User Data/Cache/music/8625df645137a82e2e310890f9471d82.mp3,D594992D-895F-4DB6-AA73-DEC76E037482
audios,Digital Device Gadget Scanning Programming Sound2,Digital Device Gadget Scanning Programming Sound2,,,6f3ed3a2c7e2ca773168c3140c7d06ce.mp3,capcut_stock,7.767,,,/Users/anyaf/Library/Containers/com.lemon.lvoverseas/Data/Movies/CapCut/User Data/Cache/music/6f3ed3a2c7e2ca773168c3140c7d06ce.mp3,1C240FD7-DB25-467B-957F-C309E196E882
audios,Cinematic Whoosh Hit Low 2,Cinematic Whoosh Hit Low 2,,,ec26041d833dd78bc1a88eb9eca84b71.mp3,capcut_stock,7.967,,,/Users/anyaf/Library/Containers/com.lemon.lvoverseas/Data/Movies/CapCut/User Data/Cache/music/ec26041d833dd78bc1a88eb9eca84b71.mp3,00BEE4D2-AF4C-44DB-8E6C-D8FAB561E3FF
audios,Digital Device Gadget Scanning Programming Sound2,Digital Device Gadget Scanning Programming Sound2,,,6f3ed3a2c7e2ca773168c3140c7d06ce.mp3,capcut_stock,7.767,,,/Users/anyaf/Library/Containers/com.lemon.lvoverseas/Data/Movies/CapCut/User Data/Cache/music/6f3ed3a2c7e2ca773168c3140c7d06ce.mp3,1220FE01-7922-4E83-B6DA-E3A0B2ED6CB6
audios,Digital Device Gadget Scanning Programming Sound2,Digital Device Gadget Scanning Programming Sound2,,,6f3ed3a2c7e2ca773168c3140c7d06ce.mp3,capcut_stock,7.767,,,/Users/anyaf/Library/Containers/com.lemon.lvoverseas/Data/Movies/CapCut/User Data/Cache/music/6f3ed3a2c7e2ca773168c3140c7d06ce.mp3,AE3882D9-F0C1-4299-8927-F100228B6385
audios,Digital Device Gadget Scanning Programming Sound2,Digital Device Gadget Scanning Programming Sound2,,,6f3ed3a2c7e2ca773168c3140c7d06ce.mp3,capcut_stock,7.767,,,/Users/anyaf/Library/Containers/com.lemon.lvoverseas/Data/Movies/CapCut/User Data/Cache/music/6f3ed3a2c7e2ca773168c3140c7d06ce.mp3,460511D3-06C2-45F3-9753-B4B4A7112149
audios,Short Whoosh 4,Short Whoosh 4,,,7e380328c2613f621cbb05b88d1ff84a.mp3,capcut_stock,1.833,,,/Users/anyaf/Library/Containers/com.lemon.lvoverseas/Data/Movies/CapCut/User Data/Cache/music/7e380328c2613f621cbb05b88d1ff84a.mp3,09930143-26C1-4A20-AD10-319B7EDBB503
audios,Glitching Signal Glitch Futuristic Effect 2,Glitching Signal Glitch Futuristic Effect 2,,,8625df645137a82e2e310890f9471d82.mp3,capcut_stock,3.167,,,/Users/anyaf/Library/Containers/com.lemon.lvoverseas/Data/Movies/CapCut/User Data/Cache/music/8625df645137a82e2e310890f9471d82.mp3,A0DE4C92-9FC9-422F-A31E-3DAC2F80E011
audios,v6_narration.mp3,v6_narration.mp3,v6_narration.mp3,audio_vo,224e079ddc377f1e045fab7c9e08f7bc.mp3,staged_audio,87.667,,,##_draftpath_placeholder_0E685133-18CE-45ED-8CB8-2904A212EC80_##/Resources/local/224e079ddc377f1e045fab7c9e08f7bc.mp3,9DDA24A2-07B7-4B62-9049-21E884BF92C0
audios,v6_narration.mp3,v6_narration.mp3,v6_narration.mp3,audio_vo,224e079ddc377f1e045fab7c9e08f7bc.mp3,staged_audio,87.667,,,##_draftpath_placeholder_0E685133-18CE-45ED-8CB8-2904A212EC80_##/Resources/local/224e079ddc377f1e045fab7c9e08f7bc.mp3,507D0417-9226-4069-850E-C08FE6FD4507
audios,Digital Device Gadget Scanning Programming Sound2,Digital Device Gadget Scanning Programming Sound2,,,6f3ed3a2c7e2ca773168c3140c7d06ce.mp3,capcut_stock,7.767,,,/Users/anyaf/Library/Containers/com.lemon.lvoverseas/Data/Movies/CapCut/User Data/Cache/music/6f3ed3a2c7e2ca773168c3140c7d06ce.mp3,C1353F99-0D07-4E53-B8AA-C0E95BC4674B
audios,Cinematic Whoosh Hit Low 2,Cinematic Whoosh Hit Low 2,,,ec26041d833dd78bc1a88eb9eca84b71.mp3,capcut_stock,7.967,,,/Users/anyaf/Library/Containers/com.lemon.lvoverseas/Data/Movies/CapCut/User Data/Cache/music/ec26041d833dd78bc1a88eb9eca84b71.mp3,83599EBF-C93F-4EE6-B8D4-6EDE31D41C46
audios,Short Whoosh 4,Short Whoosh 4,,,7e380328c2613f621cbb05b88d1ff84a.mp3,capcut_stock,1.833,,,/Users/anyaf/Library/Containers/com.lemon.lvoverseas/Data/Movies/CapCut/User Data/Cache/music/7e380328c2613f621cbb05b88d1ff84a.mp3,ED672B11-BC28-4867-88F1-FC7538823238
audios,Short Whoosh 4,Short Whoosh 4,,,7e380328c2613f621cbb05b88d1ff84a.mp3,capcut_stock,1.833,,,/Users/anyaf/Library/Containers/com.lemon.lvoverseas/Data/Movies/CapCut/User Data/Cache/music/7e380328c2613f621cbb05b88d1ff84a.mp3,B4583BCC-C174-407B-83DF-1BC5028A74BF
audios,Short Whoosh 4,Short Whoosh 4,,,7e380328c2613f621cbb05b88d1ff84a.mp3,capcut_stock,1.833,,,/Users/anyaf/Library/Containers/com.lemon.lvoverseas/Data/Movies/CapCut/User Data/Cache/music/7e380328c2613f621cbb05b88d1ff84a.mp3,8DBE28A8-EA43-467A-8B80-8A77326565A0
audios,Short Whoosh 4,Short Whoosh 4,,,7e380328c2613f621cbb05b88d1ff84a.mp3,capcut_stock,1.833,,,/Users/anyaf/Library/Containers/com.lemon.lvoverseas/Data/Movies/CapCut/User Data/Cache/music/7e380328c2613f621cbb05b88d1ff84a.mp3,45B9FA13-8936-4BEB-AAC0-782A0E133F80
audios,Digital Device Gadget Scanning Programming Sound2,Digital Device Gadget Scanning Programming Sound2,,,6f3ed3a2c7e2ca773168c3140c7d06ce.mp3,capcut_stock,7.767,,,/Users/anyaf/Library/Containers/com.lemon.lvoverseas/Data/Movies/CapCut/User Data/Cache/music/6f3ed3a2c7e2ca773168c3140c7d06ce.mp3,B7D3F969-3728-4A42-AC45-47DCC211365F
audios,Digital Device Gadget Scanning Programming Sound2,Digital Device Gadget Scanning Programming Sound2,,,6f3ed3a2c7e2ca773168c3140c7d06ce.mp3,capcut_stock,7.767,,,/Users/anyaf/Library/Containers/com.lemon.lvoverseas/Data/Movies/CapCut/User Data/Cache/music/6f3ed3a2c7e2ca773168c3140c7d06ce.mp3,00627E3F-7EA9-45A0-9AA9-F97DB85663F1
audios,Horror Trailer Opener,Horror Trailer Opener,,,a5898644c22b97b2956ec62ae85e0cc2.mp3,capcut_stock,64.633,,,/Users/anyaf/Library/Containers/com.lemon.lvoverseas/Data/Movies/CapCut/User Data/Cache/music/a5898644c22b97b2956ec62ae85e0cc2.mp3,CA094ABD-7793-43D0-8EBE-D149EB00BD1A
audios,Digital Device Gadget Scanning Programming Sound2,Digital Device Gadget Scanning Programming Sound2,,,6f3ed3a2c7e2ca773168c3140c7d06ce.mp3,capcut_stock,7.767,,,/Users/anyaf/Library/Containers/com.lemon.lvoverseas/Data/Movies/CapCut/User Data/Cache/music/6f3ed3a2c7e2ca773168c3140c7d06ce.mp3,B80CFF94-F5F3-46F7-B415-C569A7F00359
audios,Short Whoosh 4,Short Whoosh 4,,,7e380328c2613f621cbb05b88d1ff84a.mp3,capcut_stock,1.833,,,/Users/anyaf/Library/Containers/com.lemon.lvoverseas/Data/Movies/CapCut/User Data/Cache/music/7e380328c2613f621cbb05b88d1ff84a.mp3,CD208E15-D87E-4D74-AF68-F39361F3CD25
audios,Digital Device Gadget Scanning Programming Sound2,Digital Device Gadget Scanning Programming Sound2,,,6f3ed3a2c7e2ca773168c3140c7d06ce.mp3,capcut_stock,7.767,,,/Users/anyaf/Library/Containers/com.lemon.lvoverseas/Data/Movies/CapCut/User Data/Cache/music/6f3ed3a2c7e2ca773168c3140c7d06ce.mp3,A01F934E-96AA-45E0-8B48-8A1AE298A029
audios,Cinematic Whoosh Hit Low 2,Cinematic Whoosh Hit Low 2,,,ec26041d833dd78bc1a88eb9eca84b71.mp3,capcut_stock,7.967,,,/Users/anyaf/Library/Containers/com.lemon.lvoverseas/Data/Movies/CapCut/User Data/Cache/music/ec26041d833dd78bc1a88eb9eca84b71.mp3,FEF99001-B035-4522-A280-67B98288D9EF
audios,music_drama.mp3,music_drama.mp3,music_drama.mp3,audio_music,c955d3beadd83a39271a780a51c7ec70.mp3,staged_audio,75.067,,,##_draftpath_placeholder_0E685133-18CE-45ED-8CB8-2904A212EC80_##/Resources/local/c955d3beadd83a39271a780a51c7ec70.mp3,DDB9B92B-B435-467A-BBCC-6C3763BE30C3
audios,music_drama.mp3,music_drama.mp3,music_drama.mp3,audio_music,c955d3beadd83a39271a780a51c7ec70.mp3,staged_audio,75.067,,,##_draftpath_placeholder_0E685133-18CE-45ED-8CB8-2904A212EC80_##/Resources/local/c955d3beadd83a39271a780a51c7ec70.mp3,2CD336A3-5EF1-475F-AD49-FAEDBF40A710
audios,music_drama.mp3,music_drama.mp3,music_drama.mp3,audio_music,c955d3beadd83a39271a780a51c7ec70.mp3,staged_audio,75.067,,,##_draftpath_placeholder_0E685133-18CE-45ED-8CB8-2904A212EC80_##/Resources/local/c955d3beadd83a39271a780a51c7ec70.mp3,30EEA3B0-1827-4C61-AE04-C077A45A67A6
audios,music_drama.mp3,music_drama.mp3,music_drama.mp3,audio_music,c955d3beadd83a39271a780a51c7ec70.mp3,staged_audio,75.067,,,##_draftpath_placeholder_0E685133-18CE-45ED-8CB8-2904A212EC80_##/Resources/local/c955d3beadd83a39271a780a51c7ec70.mp3,C059BD05-E77F-43CE-8871-A60026AFC3E4
audios,music_drama.mp3,music_drama.mp3,music_drama.mp3,audio_music,c955d3beadd83a39271a780a51c7ec70.mp3,staged_audio,75.067,,,##_draftpath_placeholder_0E685133-18CE-45ED-8CB8-2904A212EC80_##/Resources/local/c955d3beadd83a39271a780a51c7ec70.mp3,3E90D3C4-805B-4A29-9884-5DC44DA6A6CF
audios,music_drama.mp3,music_drama.mp3,music_drama.mp3,audio_music,c955d3beadd83a39271a780a51c7ec70.mp3,staged_audio,75.067,,,##_draftpath_placeholder_0E685133-18CE-45ED-8CB8-2904A212EC80_##/Resources/local/c955d3beadd83a39271a780a51c7ec70.mp3,9EE5DBC3-373F-43B2-972C-7D1BA98E52E7
audios,Horror Trailer Opener,Horror Trailer Opener,,,a5898644c22b97b2956ec62ae85e0cc2.mp3,capcut_stock,64.633,,,/Users/anyaf/Library/Containers/com.lemon.lvoverseas/Data/Movies/CapCut/User Data/Cache/music/a5898644c22b97b2956ec62ae85e0cc2.mp3,1A2A71C5-1947-49A8-A071-23B6081B8CC1
audios,Horror Trailer Opener,Horror Trailer Opener,,,a5898644c22b97b2956ec62ae85e0cc2.mp3,capcut_stock,64.633,,,/Users/anyaf/Library/Containers/com.lemon.lvoverseas/Data/Movies/CapCut/User Data/Cache/music/a5898644c22b97b2956ec62ae85e0cc2.mp3,9ED63837-C7B5-467B-9090-944E6731F6D2
audios,Horror Trailer Opener,Horror Trailer Opener,,,a5898644c22b97b2956ec62ae85e0cc2.mp3,capcut_stock,64.633,,,/Users/anyaf/Library/Containers/com.lemon.lvoverseas/Data/Movies/CapCut/User Data/Cache/music/a5898644c22b97b2956ec62ae85e0cc2.mp3,7BDC1C9E-33C7-4712-9FE7-0466E323A482
