start_tc,end_tc,start_s,end_s,track_index,track_type,seg_index,material_name,display_name,basename,source_class,speed,volume,scale_x,alpha,extra_refs,material_id,start_us,duration_us
0:00.000,0:23.733,0.0,23.733,0,video,0,Screenshot 2026-07-20 at 9.20.16 PM.png,Screenshot 2026-07-20 at 9.20.16 PM.png,Screenshot 2026-07-20 at 9.20.16 PM.png,legend_still,1.0,1.0,2.2103013113002015,0.71,speeds:speed | canvases:canvas_color | material_animations:sticker_animation,01072997-B52C-48D1-8F29-9C8198874F8C,0,23733333
0:00.000,0:01.000,0.0,1.0,1,video,0,ivan_face.png,ivan_face.png,ivan_face.png,staged_kit,1.0,1.0,1.0,0.68,speeds:speed | canvases:canvas_color | material_animations:sticker_animation,F5A2F876-3075-44F2-BBB5-8A36BE12C191,0,1000000
0:00.000,0:01.000,0.0,1.0,4,effect,0,Blu-ray Scanning,Blu-ray Scanning,,effect,1.0,1.0,,,,81F9019B-C41F-4956-BECD-BF6BCA5615A6,0,1000000
0:00.000,0:01.000,0.0,1.0,7,video,0,A6FEF219-C756-4B3D-B0B1-A19F7A436019.PNG,A6FEF219-C756-4B3D-B0B1-A19F7A436019.PNG,A6FEF219-C756-4B3D-B0B1-A19F7A436019.PNG,legend_still,1.0,1.0,0.6628755863044142,0.44,speeds:speed | transitions:Blue Scan | canvases:canvas_color | material_animations:sticker_animation,1AA2EE86-7A37-45E2-91C1-8BCDF1C3A979,0,1000000
0:00.000,0:01.933,0.0,1.933,17,audio,0,Digital Device Gadget Scanning Programming Sound2,Digital Device Gadget Scanning Programming Sound2,6f3ed3a2c7e2ca773168c3140c7d06ce.mp3,capcut_stock,1.0,0.33987903594970703,,,speeds:speed | audio_fades:audio_fade,C1353F99-0D07-4E53-B8AA-C0E95BC4674B,0,1933333
0:00.900,0:01.900,0.9,1.9,12,text,0,THESE ARE,THESE ARE,,text,1.0,1.0,1.0,1.0,material_animations:sticker_animation | effects:7360971191827304961,D12A14AC-D4CD-4A07-AE8A-94748AD6D64C,900000,1000000
0:00.900,0:08.600,0.9,8.6,16,audio,0,v6_narration.mp3,v6_narration.mp3,v6_narration.mp3,staged_audio,1.01,1.0,,,speeds:speed,9DDA24A2-07B7-4B62-9049-21E884BF92C0,900000,7700000
0:01.000,0:03.133,1.0,3.133,7,video,1,group_photo.png,group_photo.png,group_photo.png,staged_kit,1.0,1.0,1.0766692708333336,1.0,speeds:speed | transitions:Scan Modeling | canvases:canvas_color | material_animations:sticker_animation,8D466AAD-61ED-4C18-861D-E54EBA5A5AE2,1000000,2133333
0:01.933,0:03.267,1.933,3.267,9,video,0,F3EE7A0F-9754-4C2C-A19E-ABB85F901033.PNG,F3EE7A0F-9754-4C2C-A19E-ABB85F901033.PNG,F3EE7A0F-9754-4C2C-A19E-ABB85F901033.PNG,legend_still,1.0,1.0,1.0,1.0,speeds:speed | canvases:canvas_color | material_animations:sticker_animation,DBBEB713-4E22-40F4-B82E-9F4B8B5FE272,1933333,1333333
0:01.933,0:16.367,1.933,16.367,19,audio,0,music_drama.mp3,music_drama.mp3,music_drama.mp3,staged_audio,1.0,0.21411876380443573,,,speeds:speed,DDB9B92B-B435-467A-BBCC-6C3763BE30C3,1933333,14433333
0:02.800,0:04.300,2.8,4.3,12,text,1,AI VERSIONS OF,AI VERSIONS OF,,text,1.0,1.0,1.0,1.0,material_animations:sticker_animation | effects:7360971191827304961,45292B43-BCB0-4476-B38D-2E759CA230C0,2800000,1500000
0:03.133,0:05.633,3.133,5.633,7,video,2,hf_20260721_180849_1bca4562-8648-4f59-9057-639cf31ae7aa.mp4,hf_20260721_180849_1bca4562-8648-4f59-9057-639cf31ae7aa.mp4,hf_20260721_180849_1bca4562-8648-4f59-9057-639cf31ae7aa.mp4,legend_hf,1.6266664,1.0,1.0,0.62,speeds:speed | canvases:canvas_color | material_animations:sticker_animation,4D30EC99-467A-4603-B3E7-505496F83473,3133333,2500000
0:04.300,0:05.400,4.3,5.4,12,text,2,REAL PEOPLE,REAL PEOPLE,,text,1.0,1.0,1.0,1.0,material_animations:sticker_animation | effects:7360971191827304961,7FF3DC82-04DB-4A75-B7D3-BA7613D1BC0B,4300000,1100000
0:05.400,0:06.900,5.4,6.9,12,text,3,MAKING CHOICES,MAKING CHOICES,,text,1.0,1.0,1.0,1.0,material_animations:sticker_animation | effects:7360971191827304961,CBF1653D-CC98-4D5D-8DBD-EA436AA9B82C,5400000,1500000
0:05.633,0:09.133,5.633,9.133,1,video,1,BD21D20E-C654-46F0-B35F-317407F4313E.PNG,BD21D20E-C654-46F0-B35F-317407F4313E.PNG,BD21D20E-C654-46F0-B35F-317407F4313E.PNG,legend_still,1.0,1.0,0.5434975985331669,1.0,speeds:speed | canvases:canvas_color | material_animations:sticker_animation,6CB3BBE8-EF2F-4BFA-A9C0-FF8E93E8B376,5633333,3500000
0:05.633,0:09.133,5.633,9.133,7,video,3,signature_flyover.mp4,signature_flyover.mp4,signature_flyover.mp4,staged_phaser,2.88,0.0,1.7207643229166665,0.51,speeds:speed | transitions:Scan Modeling | canvases:canvas_color | material_animations:sticker_animation,919A111D-E97C-495A-AD29-F7CCDB151EDD,5633333,3500000
0:05.633,0:09.133,5.633,9.133,9,video,1,81812E74-D0C7-4122-B014-A03C89E83C29.PNG,81812E74-D0C7-4122-B014-A03C89E83C29.PNG,81812E74-D0C7-4122-B014-A03C89E83C29.PNG,legend_still,1.0,1.0,0.5071036682951471,1.0,speeds:speed | canvases:canvas_color | material_animations:sticker_animation,3ADAA3C6-F6BF-439A-AE6B-D29FDEF9CCAB,5633333,3500000
0:06.900,0:07.600,6.9,7.6,12,text,4,NO ONE WROTE FOR THEM,NO ONE WROTE FOR THEM,,text,1.0,1.0,1.0,1.0,material_animations:sticker_animation | effects:7360971191827304961,AFD97C2A-2861-4521-A1D4-4D7C8C9CB85C,6900000,700000
0:07.600,0:09.033,7.6,9.033,12,text,5,WROTE FOR THEM,WROTE FOR THEM,,text,1.0,1.0,1.0,1.0,material_animations:sticker_animation | effects:7360971191827304961,DCD1A408-A08D-4DE4-81CB-BF4E9530C6BB,7600000,1433333
0:09.133,0:11.167,9.133,11.167,7,video,4,hf_20260707_234503_7bb94590-20a2-489c-afdb-5a2305e6c91a 2.MP4,hf_20260707_234503_7bb94590-20a2-489c-afdb-5a2305e6c91a 2.MP4,hf_20260707_234503_7bb94590-20a2-489c-afdb-5a2305e6c91a 2.MP4,legend_hf,1.51,1.0,1.0,0.0,speeds:speed | canvases:canvas_color | material_animations:sticker_animation,63F200C0-904C-4B08-BBDD-640DB06C5B73,9133333,2033333
0:09.133,0:10.500,9.133,10.5,12,text,6,FIFTEEN OF THEM ENTERED,FIFTEEN OF THEM ENTERED,,text,1.0,1.0,1.0,1.0,material_animations:sticker_animation | effects:7360971191827304961,F1F325FB-2197-42F2-B411-8BCFFC601FE7,9133333,1366667
0:09.133,1:28.233,9.133,88.233,16,audio,1,v6_narration.mp3,v6_narration.mp3,v6_narration.mp3,staged_audio,1.01,0.6582304239273071,,,speeds:speed,507D0417-9226-4069-850E-C08FE6FD4507,9133333,79100000
0:09.267,0:11.167,9.267,11.167,13,audio,0,Glitching Signal Glitch Futuristic Effect 2,Glitching Signal Glitch Futuristic Effect 2,8625df645137a82e2e310890f9471d82.mp3,capcut_stock,1.0,0.1822071671485901,,,speeds:speed,D594992D-895F-4DB6-AA73-DEC76E037482,9266666,1900000
0:10.233,0:18.200,10.233,18.2,17,audio,1,Cinematic Whoosh Hit Low 2,Cinematic Whoosh Hit Low 2,ec26041d833dd78bc1a88eb9eca84b71.mp3,capcut_stock,1.0,0.509760320186615,,,speeds:speed,83599EBF-C93F-4EE6-B8D4-6EDE31D41C46,10233333,7966667
0:10.700,0:12.067,10.7,12.067,9,video,2,648FD450-3CA8-4DB0-A398-CBCC1C3436D9.PNG,648FD450-3CA8-4DB0-A398-CBCC1C3436D9.PNG,648FD450-3CA8-4DB0-A398-CBCC1C3436D9.PNG,legend_still,1.0,1.0,0.9336916576194952,1.0,speeds:speed | transitions:Scanline Compression | canvases:canvas_color | material_animations:sticker_animation,5BF97391-3105-4679-A3DF-82E548C68ED4,10700000,1366666
0:12.067,0:14.667,12.067,14.667,9,video,3,signature_flyover.mp4,signature_flyover.mp4,signature_flyover.mp4,staged_phaser,2.88,0.0,3.102585604472397,0.51,speeds:speed | canvases:canvas_color | material_animations:sticker_animation,8A21C9EC-E8DE-42F4-9363-F4770995BD65,12066666,2600000
0:12.300,0:12.767,12.3,12.767,12,text,7,SOMEONE IS VOTED OUT,SOMEONE IS VOTED OUT,,text,1.0,1.0,1.0,1.0,material_animations:sticker_animation | effects:7360971191827304961,6DBDB6CC-2B95-4D80-B5AC-F19253F4BD3D,12300000,466666
0:12.767,0:13.800,12.767,13.8,12,text,8,IS VOTED OUT,IS VOTED OUT,,text,1.0,1.0,1.0,1.0,material_animations:sticker_animation | effects:7360971191827304961,6F1137A3-F946-43D3-BAFD-25772DED410F,12766666,1033334
0:13.800,0:14.833,13.8,14.833,12,text,9,EVERY NIGHT,EVERY NIGHT,,text,1.0,1.0,1.0,1.0,material_animations:sticker_animation | effects:7360971191827304961,C5C7AFE3-96B6-4F7C-AC5A-16007C9071D9,13800000,1033333
0:14.300,0:17.533,14.3,17.533,20,audio,0,Horror Trailer Opener,Horror Trailer Opener,a5898644c22b97b2956ec62ae85e0cc2.mp3,capcut_stock,1.0,0.17043063044548035,,,speeds:speed,1A2A71C5-1947-49A8-A071-23B6081B8CC1,14300000,3233333
0:14.667,0:15.300,14.667,15.3,9,video,4,hf_20260721_210518_e3cbd9ab-4729-4a63-b39e-3371b37d1c41.mp4,hf_20260721_210518_e3cbd9ab-4729-4a63-b39e-3371b37d1c41.mp4,hf_20260721_210518_e3cbd9ab-4729-4a63-b39e-3371b37d1c41.mp4,legend_hf,1.0,1.0,0.6717886904761908,0.49,speeds:speed | canvases:canvas_color,46F14F4D-C43F-4978-8837-62804B52D6AF,14666666,633334
0:14.667,0:16.600,14.667,16.6,10,video,0,hf_20260721_210518_e3cbd9ab-4729-4a63-b39e-3371b37d1c41.mp4,hf_20260721_210518_e3cbd9ab-4729-4a63-b39e-3371b37d1c41.mp4,hf_20260721_210518_e3cbd9ab-4729-4a63-b39e-3371b37d1c41.mp4,legend_hf,1.51,1.0,0.8390502232142858,0.5,speeds:speed | canvases:canvas_color | material_animations:sticker_animation,D126FD63-E4E6-4EE9-8090-57C4723890B2,14666666,1933334
0:14.833,0:16.367,14.833,16.367,12,text,10,UNTIL ONE REMAINS,UNTIL ONE REMAINS,,text,1.0,1.0,1.0,1.0,material_animations:sticker_animation | effects:7360971191827304961,BC5C5D13-307F-4CC5-9442-9172637F045F,14833333,1533333
0:14.833,0:16.733,14.833,16.733,15,audio,0,Glitching Signal Glitch Futuristic Effect 2,Glitching Signal Glitch Futuristic Effect 2,8625df645137a82e2e310890f9471d82.mp3,capcut_stock,1.0,0.1822071671485901,,,speeds:speed,A0DE4C92-9FC9-422F-A31E-3DAC2F80E011,14833333,1900000
0:15.300,0:16.600,15.3,16.6,9,video,5,hf_20260721_210518_e3cbd9ab-4729-4a63-b39e-3371b37d1c41.mp4,hf_20260721_210518_e3cbd9ab-4729-4a63-b39e-3371b37d1c41.mp4,hf_20260721_210518_e3cbd9ab-4729-4a63-b39e-3371b37d1c41.mp4,legend_hf,1.0,1.0,0.652482142857143,0.49,speeds:speed | canvases:canvas_color | material_animations:sticker_animation,AA20AB93-A47B-4554-A89B-CB4EDDC91F60,15300000,1300000
0:16.367,0:29.667,16.367,29.667,19,audio,1,music_drama.mp3,music_drama.mp3,music_drama.mp3,staged_audio,1.0,0.15737994015216827,,,speeds:speed,2CD336A3-5EF1-475F-AD49-FAEDBF40A710,16366666,13300000
0:16.467,0:18.033,16.467,18.033,12,text,11,TODAY WE'RE FOLLOWING,TODAY WE'RE FOLLOWING,,text,1.0,1.0,1.0,1.0,material_animations:sticker_animation | effects:7360971191827304961,02E43F1A-4281-4AA8-A771-DAD7B4FF9154,16466666,1566667
0:16.933,0:18.733,16.933,18.733,11,effect,0,Spectrum Scan,Spectrum Scan,,effect,1.0,1.0,,,,1093D569-511E-46BE-8ECB-8528354F7920,16933333,1800000
0:17.433,0:20.300,17.433,20.3,9,video,6,irene_namecard.png,irene_namecard.png,irene_namecard.png,staged_kit,1.0,1.0,1.178197064989518,1.0,speeds:speed | canvases:canvas_color | material_animations:sticker_animation,EFDC87B2-9A77-4CED-B41A-E061C68319A7,17433333,2866667
0:17.900,0:20.467,17.9,20.467,13,audio,1,Digital Device Gadget Scanning Programming Sound2,Digital Device Gadget Scanning Programming Sound2,6f3ed3a2c7e2ca773168c3140c7d06ce.mp3,capcut_stock,1.0,0.23848186433315277,,,speeds:speed | audio_fades:audio_fade,1C240FD7-DB25-467B-957F-C309E196E882,17900000,2566666
0:18.733,0:20.300,18.733,20.3,10,video,1,ivan_namecard.png,ivan_namecard.png,ivan_namecard.png,staged_kit,1.0,1.0,1.178197064989518,1.0,speeds:speed | canvases:canvas_color | material_animations:sticker_animation,BA46BDF9-D6A0-4F69-954D-A6F80A361439,18733333,1566667
0:18.733,0:20.300,18.733,20.3,11,effect,1,Spectrum Scan,Spectrum Scan,,effect,1.0,1.0,,,,927A2421-09EB-4B93-8DE3-EAAC2083D9B5,18733333,1566667
0:20.300,0:22.100,20.3,22.1,12,text,12,IRENE GOES HARD FOR COVER,IRENE GOES HARD FOR COVER,,text,1.0,1.0,1.0,1.0,material_animations:sticker_animation | effects:7360971191827304961,74C620B6-DF77-4849-AE16-F518E17B4DBE,20300000,1800000
0:20.333,0:22.233,20.333,22.233,1,video,2,hf_20260721_213332_a8ad8e8d-3160-41a8-be5c-4578f6ccc2bb.mp4,hf_20260721_213332_a8ad8e8d-3160-41a8-be5c-4578f6ccc2bb.mp4,hf_20260721_213332_a8ad8e8d-3160-41a8-be5c-4578f6ccc2bb.mp4,legend_hf,1.0,1.0,1.4226198060482529,0.78,speeds:speed | canvases:canvas_color | material_animations:sticker_animation,964FC8BC-74A5-482B-A529-71ADA3DD64DC,20333333,1900000
0:21.900,0:23.733,21.9,23.733,20,audio,1,Horror Trailer Opener,Horror Trailer Opener,a5898644c22b97b2956ec62ae85e0cc2.mp3,capcut_stock,1.0,0.17043063044548035,,,speeds:speed,9ED63837-C7B5-467B-9090-944E6731F6D2,21900000,1833333
0:22.233,0:23.733,22.233,23.733,7,video,5,B1B40450-11F2-497D-AA63-BE33285A0C33.PNG,B1B40450-11F2-497D-AA63-BE33285A0C33.PNG,B1B40450-11F2-497D-AA63-BE33285A0C33.PNG,legend_still,1.0,1.0,1.076483630952381,1.0,speeds:speed | canvases:canvas_color | material_animations:sticker_animation,EEF8B340-5FDE-42EA-BD64-05985F54C49A,22233333,1500000
0:23.567,0:25.067,23.567,25.067,12,text,13,IVAN WATCHES PEOPLE,IVAN WATCHES PEOPLE,,text,1.0,1.0,1.0,1.0,material_animations:sticker_animation | effects:7360971191827304961,1929ABE8-20ED-4217-A4E3-5AC09A271049,23566666,1500000
0:23.733,0:29.667,23.733,29.667,0,video,1,Screenshot 2026-07-20 at 9.20.16 PM.png,Screenshot 2026-07-20 at 9.20.16 PM.png,Screenshot 2026-07-20 at 9.20.16 PM.png,legend_still,1.0,1.0,2.2103013113002015,0.71,speeds:speed | canvases:canvas_color | material_animations:sticker_animation,D041D824-17C7-4162-9374-4CB013F0A45E,23733333,5933333
0:23.733,0:26.467,23.733,26.467,1,video,3,hf_20260721_213451_2bc1bd7a-cd39-4d44-b256-5c9a451bd4a3.mp4,hf_20260721_213451_2bc1bd7a-cd39-4d44-b256-5c9a451bd4a3.mp4,hf_20260721_213451_2bc1bd7a-cd39-4d44-b256-5c9a451bd4a3.mp4,legend_hf,1.0,1.0,1.391809314028976,0.78,speeds:speed | canvases:canvas_color | material_animations:sticker_animation,3E382E1F-D780-4A17-ACEA-FA4DFC667855,23733333,2733333
0:25.067,0:26.167,25.067,26.167,12,text,14,BEFORE HE BETS,BEFORE HE BETS,,text,1.0,1.0,1.0,1.0,material_animations:sticker_animation | effects:7360971191827304961,414424F0-3A28-49FC-A2C2-6782BE4737E3,25066666,1100000
0:26.167,0:29.433,26.167,29.433,20,audio,2,Horror Trailer Opener,Horror Trailer Opener,a5898644c22b97b2956ec62ae85e0cc2.mp3,capcut_stock,1.0,0.17043063044548035,,,speeds:speed,7BDC1C9E-33C7-4712-9FE7-0466E323A482,26166666,3266667
0:26.467,0:29.433,26.467,29.433,1,video,4,A62E65DB-9C24-48C9-9155-AC75D9BCAB3A.PNG,A62E65DB-9C24-48C9-9155-AC75D9BCAB3A.PNG,A62E65DB-9C24-48C9-9155-AC75D9BCAB3A.PNG,legend_still,1.0,1.0,1.0062893081761006,1.0,speeds:speed | canvases:canvas_color | material_animations:sticker_animation,9549924D-D63C-4913-8343-C81C0B4E9AF4,26466666,2966667
0:29.433,0:30.633,29.433,30.633,12,text,15,AT 11:00AM,AT 11:00AM,,text,1.0,1.0,1.0,1.0,material_animations:sticker_animation | effects:7360971191827304961,4D897B6C-6B50-42B9-9211-C647CB3FBC5D,29433333,1200000
0:29.667,1:28.233,29.667,88.233,0,video,2,Screenshot 2026-07-20 at 9.20.16 PM.png,Screenshot 2026-07-20 at 9.20.16 PM.png,Screenshot 2026-07-20 at 9.20.16 PM.png,legend_still,1.0,1.0,2.2103013113002015,0.71,speeds:speed | canvases:canvas_color | material_animations:sticker_animation,AFC29CEC-2493-4BCA-8FB0-DA6847F66F64,29666666,58566667
0:29.667,0:54.500,29.667,54.5,19,audio,2,music_drama.mp3,music_drama.mp3,music_drama.mp3,staged_audio,1.0,0.06198146566748619,,,speeds:speed,30EEA3B0-1827-4C61-AE04-C077A45A67A6,29666666,24833334
0:30.433,0:32.933,30.433,32.933,7,video,6,B604EDFB-6058-4236-BB11-8368131FD45A.PNG,B604EDFB-6058-4236-BB11-8368131FD45A.PNG,B604EDFB-6058-4236-BB11-8368131FD45A.PNG,legend_still,1.0,1.0,1.1279058779761906,0.63,speeds:speed | canvases:canvas_color | material_animations:sticker_animation,BB6D57F8-5B9F-477D-B320-1606C1462028,30433333,2500000
0:30.633,0:32.933,30.633,32.933,12,text,16,A DAILY CHALLENGE BEGINS,A DAILY CHALLENGE BEGINS,,text,1.0,1.0,1.0,1.0,material_animations:sticker_animation | effects:7360971191827304961,1CE94415-A07D-4F56-9B0C-C7A8CA5E3E10,30633333,2300000
0:32.700,0:40.667,32.7,40.667,13,audio,2,Cinematic Whoosh Hit Low 2,Cinematic Whoosh Hit Low 2,ec26041d833dd78bc1a88eb9eca84b71.mp3,capcut_stock,1.0,0.509760320186615,,,speeds:speed,00BEE4D2-AF4C-44DB-8E6C-D8FAB561E3FF,32700000,7966666
0:32.933,0:35.067,32.933,35.067,7,video,7,9290B06D-5B1B-4F0C-9EF2-C20BBE2E1D33.PNG,9290B06D-5B1B-4F0C-9EF2-C20BBE2E1D33.PNG,9290B06D-5B1B-4F0C-9EF2-C20BBE2E1D33.PNG,legend_still,1.0,1.0,1.0,1.0,speeds:speed | canvases:canvas_color | material_animations:sticker_animation,D2DB4A76-E1CA-47BC-A60C-303E9A6F3CEB,32933333,2133333
0:32.933,0:34.400,32.933,34.4,11,effect,2,Nervous Shaking,Nervous Shaking,,effect,1.0,1.0,,,,F1B045D1-A832-4D82-BA5D-19183FFABFAF,32933333,1466667
0:34.600,0:36.433,34.6,36.433,17,audio,2,Short Whoosh 4,Short Whoosh 4,7e380328c2613f621cbb05b88d1ff84a.mp3,capcut_stock,1.0,0.23088349401950836,,,speeds:speed,ED672B11-BC28-4867-88F1-FC7538823238,34600000,1833333
0:34.767,0:37.533,34.767,37.533,12,text,17,EACH DOUBLE GETS A SECRET CARD,EACH DOUBLE GETS A SECRET CARD,,text,1.0,1.0,1.0,1.0,material_animations:sticker_animation | effects:7360971191827304961,88877AB0-F707-460A-B6A2-FF459F1D8583,34766666,2766667
0:34.933,0:46.733,34.933,46.733,8,video,0,C30B9252-9BC7-4BCF-8B25-E2252BEC5865.PNG,C30B9252-9BC7-4BCF-8B25-E2252BEC5865.PNG,C30B9252-9BC7-4BCF-8B25-E2252BEC5865.PNG,legend_still,1.0,1.0,1.0,0.74,speeds:speed | canvases:canvas_color | material_animations:sticker_animation,0A100013-AF42-4093-AEC9-DFADF876D037,34933333,11800000
0:34.967,0:46.733,34.967,46.733,1,video,5,hf_20260722_033205_dbb4b386-0a93-4fb2-add2-4f8abbf5e02c.mp4,hf_20260722_033205_dbb4b386-0a93-4fb2-add2-4f8abbf5e02c.mp4,hf_20260722_033205_dbb4b386-0a93-4fb2-add2-4f8abbf5e02c.mp4,legend_hf,1.0,1.0,1.225640033828063,0.77,speeds:speed | transitions:Tremble Zoom | canvases:canvas_color | material_animations:sticker_animation,94CA5144-B298-4291-906E-0DFE58824808,34966666,11766667
0:37.300,0:39.133,37.3,39.133,17,audio,3,Short Whoosh 4,Short Whoosh 4,7e380328c2613f621cbb05b88d1ff84a.mp3,capcut_stock,1.0,0.23088349401950836,,,speeds:speed,B4583BCC-C174-407B-83DF-1BC5028A74BF,37300000,1833333
0:37.667,0:46.733,37.667,46.733,9,video,7,C30B9252-9BC7-4BCF-8B25-E2252BEC5865.PNG,C30B9252-9BC7-4BCF-8B25-E2252BEC5865.PNG,C30B9252-9BC7-4BCF-8B25-E2252BEC5865.PNG,legend_still,1.0,1.0,1.0,0.75,speeds:speed | canvases:canvas_color | material_animations:sticker_animation,6D7DEDD3-2BE0-4065-A108-CBF3AFB84EC3,37666666,9066667
0:37.667,0:39.433,37.667,39.433,12,text,18,HOLD TO STAY IN THE FIGHT,HOLD TO STAY IN THE FIGHT,,text,1.0,1.0,1.0,1.0,material_animations:sticker_animation | effects:7360971191827304961,35836E28-0822-43DC-B084-98763168E983,37666666,1766667
0:39.433,0:41.267,39.433,41.267,12,text,19,OR FOLD AND SIT OUT,OR FOLD AND SIT OUT,,text,1.0,1.0,1.0,1.0,material_animations:sticker_animation | effects:7360971191827304961,3180E64E-2995-4C17-99C8-0D46E7D6EB7D,39433333,1833333
0:41.167,0:43.000,41.167,43.0,17,audio,4,Short Whoosh 4,Short Whoosh 4,7e380328c2613f621cbb05b88d1ff84a.mp3,capcut_stock,1.0,0.23088349401950836,,,speeds:speed,8DBE28A8-EA43-467A-8B80-8A77326565A0,41166666,1833334
0:41.333,0:46.733,41.333,46.733,7,video,8,C30B9252-9BC7-4BCF-8B25-E2252BEC5865.PNG,C30B9252-9BC7-4BCF-8B25-E2252BEC5865.PNG,C30B9252-9BC7-4BCF-8B25-E2252BEC5865.PNG,legend_still,1.0,1.0,1.0,0.75,speeds:speed | canvases:canvas_color | material_animations:sticker_animation,F7868EC9-2F84-4BAD-8AB6-85C03DFAEBDD,41333333,5400000
0:41.633,0:43.000,41.633,43.0,12,text,20,HIGHEST CARD REMAINING,HIGHEST CARD REMAINING,,text,1.0,1.0,1.0,1.0,material_animations:sticker_animation | effects:7360971191827304961,850A5377-EF55-4192-A937-D20BFEBAE123,41633333,1366667
0:43.000,0:44.267,43.0,44.267,12,text,21,WINS THE SHIELD,WINS THE SHIELD,,text,1.0,1.0,1.0,1.0,material_animations:sticker_animation | effects:7360971191827304961,C776A5BB-C2E7-4D0F-B65D-EA73959CBD38,43000000,1266666
0:44.033,0:45.867,44.033,45.867,17,audio,5,Short Whoosh 4,Short Whoosh 4,7e380328c2613f621cbb05b88d1ff84a.mp3,capcut_stock,1.0,0.23088349401950836,,,speeds:speed,45B9FA13-8936-4BEB-AAC0-782A0E133F80,44033333,1833333
0:44.400,0:46.733,44.4,46.733,10,video,2,C30B9252-9BC7-4BCF-8B25-E2252BEC5865.PNG,C30B9252-9BC7-4BCF-8B25-E2252BEC5865.PNG,C30B9252-9BC7-4BCF-8B25-E2252BEC5865.PNG,legend_still,1.0,1.0,1.0,0.75,speeds:speed | canvases:canvas_color | material_animations:sticker_animation,51A4BA46-F180-4BBD-903F-945F7F8BD516,44400000,2333333
0:44.467,0:44.767,44.467,44.767,12,text,22,AND IMMUNITY,AND IMMUNITY,,text,1.0,1.0,1.0,1.0,material_animations:sticker_animation | effects:7360971191827304961,5A9DBDAE-F478-45DE-B2AC-0957728FBDD1,44466666,300000
0:44.767,0:46.467,44.767,46.467,12,text,23,FROM TONIGHT'S VOTE,FROM TONIGHT'S VOTE,,text,1.0,1.0,1.0,1.0,material_animations:sticker_animation | effects:7360971191827304961,E5948D60-34A0-47F7-ADEB-D8619D180604,44766666,1700000
0:46.467,0:48.533,46.467,48.533,12,text,24,IRENE GOT THE HIGHEST CARD,IRENE GOT THE HIGHEST CARD,,text,1.0,1.0,1.0,1.0,material_animations:sticker_animation | effects:7360971191827304961,6AC245A2-0D17-439C-AFEC-6646725E5FFD,46466666,2066667
0:46.733,0:48.533,46.733,48.533,1,video,6,challenge_hold_for_shield.mp4,challenge_hold_for_shield.mp4,challenge_hold_for_shield.mp4,staged_kit,1.0,4.409807205200195,1.0879223096509243,1.0,speeds:speed | canvases:canvas_color | material_animations:sticker_animation,AE47958D-EE0B-4423-8EF6-6AA21F9C87CE,46733333,1800000
0:48.533,0:49.933,48.533,49.933,1,video,7,hf_20260722_180656_6cd309a4-5585-4bce-be92-dacb62838d73.mp4,hf_20260722_180656_6cd309a4-5585-4bce-be92-dacb62838d73.mp4,hf_20260722_180656_6cd309a4-5585-4bce-be92-dacb62838d73.mp4,legend_hf,1.0,1.0,1.178197064989518,1.0,speeds:speed | canvases:canvas_color | material_animations:sticker_animation,0D37BAC2-6033-4468-9067-8580E6C01B5F,48533333,1400000
0:48.533,0:51.933,48.533,51.933,7,video,9,8A0C4969-AA3E-467D-A5F6-9629E2DABF3C.PNG,8A0C4969-AA3E-467D-A5F6-9629E2DABF3C.PNG,8A0C4969-AA3E-467D-A5F6-9629E2DABF3C.PNG,legend_still,1.0,1.0,1.0,1.0,speeds:speed | canvases:canvas_color | material_animations:sticker_animation,8B974084-9C8F-4C4F-8F5A-4F42D30643B6,48533333,3400000
0:48.667,0:50.500,48.667,50.5,14,audio,0,Short Whoosh 4,Short Whoosh 4,7e380328c2613f621cbb05b88d1ff84a.mp3,capcut_stock,1.0,0.23088349401950836,,,speeds:speed,09930143-26C1-4A20-AD10-319B7EDBB503,48666666,1833334
0:48.933,0:50.300,48.933,50.3,12,text,25,SHE WINS THE SHIELD,SHE WINS THE SHIELD,,text,1.0,1.0,1.0,1.0,material_animations:sticker_animation | effects:7360971191827304961,34E3C3CA-3F7E-4B3B-9723-11078D486438,48933333,1366667
0:49.833,0:52.400,49.833,52.4,13,audio,3,Digital Device Gadget Scanning Programming Sound2,Digital Device Gadget Scanning Programming Sound2,6f3ed3a2c7e2ca773168c3140c7d06ce.mp3,capcut_stock,1.0,0.23848186433315277,,,speeds:speed | audio_fades:audio_fade,1220FE01-7922-4E83-B6DA-E3A0B2ED6CB6,49833333,2566667
0:49.933,0:51.933,49.933,51.933,1,video,8,hf_20260722_180145_39d9caec-adc3-408b-bd8d-8562938f5a23.mp4,hf_20260722_180145_39d9caec-adc3-408b-bd8d-8562938f5a23.mp4,hf_20260722_180145_39d9caec-adc3-408b-bd8d-8562938f5a23.mp4,legend_hf,1.69,1.0,1.0,1.0,speeds:speed | canvases:canvas_color | material_animations:sticker_animation,8BFA2219-3ED7-4507-9E5B-30714CA9E192,49933333,2000000
0:50.300,0:51.700,50.3,51.7,12,text,26,AND IS SAFE TONIGHT,AND IS SAFE TONIGHT,,text,1.0,1.0,1.0,1.0,material_animations:sticker_animation | effects:7360971191827304961,8394971E-3724-455B-9899-8D4F57DE52FA,50300000,1400000
0:51.700,0:53.300,51.7,53.3,12,text,27,AS THE DAY CONTINUES,AS THE DAY CONTINUES,,text,1.0,1.0,1.0,1.0,material_animations:sticker_animation | effects:7360971191827304961,3B3D5118-600A-4CCE-B3C8-164D1A651CC2,51700000,1600000
0:51.933,0:54.133,51.933,54.133,1,video,9,hf_20260722_180743_7444f0ec-98b3-462f-9877-dc4190a104e0.mp4,hf_20260722_180743_7444f0ec-98b3-462f-9877-dc4190a104e0.mp4,hf_20260722_180743_7444f0ec-98b3-462f-9877-dc4190a104e0.mp4,legend_hf,1.86,1.0,1.0,1.0,speeds:speed | canvases:canvas_color,CFCBB9A6-1911-49BC-942B-C6F7B748D484,51933333,2200000
0:53.767,0:56.833,53.767,56.833,6,video,0,Talk.mp4,Talk.mp4,Talk.mp4,staged_kit,1.65,1.0,1.0,0.0,speeds:speed | canvases:canvas_color | material_animations:sticker_animation,47F43490-46DB-41BB-B91B-D5A8A9576F87,53766666,3066667
0:53.767,0:58.733,53.767,58.733,7,video,10,D7AF15A5-3171-428E-9408-6135AA533103.PNG,D7AF15A5-3171-428E-9408-6135AA533103.PNG,D7AF15A5-3171-428E-9408-6135AA533103.PNG,legend_still,1.0,1.0,1.0,1.0,speeds:speed | common_mask:Split | canvases:canvas_color | material_animations:sticker_animation,B47ECE60-8299-4F07-9215-5D586BA67708,53766666,4966667
0:54.500,1:10.367,54.5,70.367,19,audio,3,music_drama.mp3,music_drama.mp3,music_drama.mp3,staged_audio,1.0,0.19456399977207184,,,speeds:speed,C059BD05-E77F-43CE-8871-A60026AFC3E4,54500000,15866666
0:56.700,0:58.733,56.7,58.733,17,audio,6,Digital Device Gadget Scanning Programming Sound2,Digital Device Gadget Scanning Programming Sound2,6f3ed3a2c7e2ca773168c3140c7d06ce.mp3,capcut_stock,1.0,0.44128307700157166,,,speeds:speed | audio_fades:audio_fade,B7D3F969-3728-4A42-AC45-47DCC211365F,56700000,2033333
0:56.833,0:58.733,56.833,58.733,6,video,1,D7AF15A5-3171-428E-9408-6135AA533103.PNG,D7AF15A5-3171-428E-9408-6135AA533103.PNG,D7AF15A5-3171-428E-9408-6135AA533103.PNG,legend_still,1.0,1.0,1.0,1.0,speeds:speed | canvases:canvas_color | material_animations:sticker_animation,CB8B706E-FD58-491E-94DA-4EA4FA76D49A,56833333,1900000
0:58.567,0:59.767,58.567,59.767,12,text,28,AT THE END OF THE DAY,AT THE END OF THE DAY,,text,1.0,1.0,1.0,1.0,material_animations:sticker_animation | effects:7360971191827304961,57F6D8E7-96CB-4D32-A464-8770A082093B,58566666,1200000
0:58.733,1:00.033,58.733,60.033,1,video,10,Village.mp4,Village.mp4,Village.mp4,staged_kit,1.0,0.0,1.8695225762482648,0.58,speeds:speed | canvases:canvas_color | material_animations:sticker_animation,3B29700C-C895-4364-AF21-344682D5F950,58733333,1300000
0:59.767,1:02.067,59.767,62.067,12,text,29,EVERY DOUBLE CASTS A BALLOT,EVERY DOUBLE CASTS A BALLOT,,text,1.0,1.0,1.0,1.0,material_animations:sticker_animation | effects:7360971191827304961,1F6BFBD1-8E40-4E9F-AB30-7F516E09D2BF,59766666,2300000
1:00.033,1:03.067,60.033,63.067,1,video,11,ballots.mp4,ballots.mp4,ballots.mp4,staged_kit,0.68,1.0,1.0,1.0,speeds:speed | canvases:canvas_color,E6A5D321-F076-4136-BC7B-6F2B1FF70FF8,60033333,3033333
1:02.233,1:04.400,62.233,64.4,12,text,30,TONIGHT SIX VOTES LAND ON,TONIGHT SIX VOTES LAND ON,,text,1.0,1.0,1.0,1.0,material_animations:sticker_animation | effects:7360971191827304961,8DFDE561-34D7-43AE-A177-D06E001C0746,62233333,2166667
1:03.000,1:06.000,63.0,66.0,6,video,2,A9AF9451-8517-4889-8FCE-B225B77A95FC.PNG,A9AF9451-8517-4889-8FCE-B225B77A95FC.PNG,A9AF9451-8517-4889-8FCE-B225B77A95FC.PNG,legend_still,1.0,1.0,1.0,1.0,speeds:speed | video_effects:Shake | common_mask:Split | canvases:canvas_color | material_animations:sticker_animation,566600CE-13CB-4C57-B000-3BC558B57755,63000000,3000000
1:03.133,1:05.433,63.133,65.433,17,audio,7,Digital Device Gadget Scanning Programming Sound2,Digital Device Gadget Scanning Programming Sound2,6f3ed3a2c7e2ca773168c3140c7d06ce.mp3,capcut_stock,1.0,0.2556167542934418,,,speeds:speed | audio_fades:audio_fade,00627E3F-7EA9-45A0-9AA9-F97DB85663F1,63133333,2300000
1:04.400,1:05.433,64.4,65.433,12,text,31,IVAN PITS,IVAN PITS,,text,1.0,1.0,1.0,1.0,material_animations:sticker_animation | effects:7360971191827304961,1D02A391-7082-49A6-97E6-7D4491EBB6BB,64400000,1033333
1:05.900,1:08.000,65.9,68.0,12,text,32,IRENE'S BALLOT IS ONE OF THEM,IRENE'S BALLOT IS ONE OF THEM,,text,1.0,1.0,1.0,1.0,material_animations:sticker_animation | effects:7360971191827304961,61F98350-2E14-4ED5-B135-B8BCACA23A39,65900000,2100000
1:06.000,1:08.367,66.0,68.367,2,video,0,ivan_leave_phaser.jpg,ivan_leave_phaser.jpg,ivan_leave_phaser.jpg,staged_phaser,1.0,1.0,2.3743746664361622,0.73,speeds:speed | transitions:Tremble Zoom | canvases:canvas_color | material_animations:sticker_animation,74F9F823-2074-4C92-87CB-6196EE112181,66000000,2366666
1:08.367,1:11.633,68.367,71.633,2,video,1,hf_20260722_181212_32030a6f-2158-4d31-bb14-3680c68392a2.mp4,hf_20260722_181212_32030a6f-2158-4d31-bb14-3680c68392a2.mp4,hf_20260722_181212_32030a6f-2158-4d31-bb14-3680c68392a2.mp4,legend_hf,1.0,1.0,1.178197064989518,1.0,speeds:speed | canvases:canvas_color | material_animations:sticker_animation,3F5D171E-3D70-477E-B5DE-C5A3502AE849,68366666,3266667
1:08.500,1:11.000,68.5,71.0,12,text,33,IVAN IS GONE,IVAN IS GONE,,text,1.0,1.0,1.0,1.0,material_animations:sticker_animation | effects:7360971191827304961,1D3BD574-62A6-4EAA-89A1-3A3002B11CAA,68500000,2500000
1:10.367,1:26.233,70.367,86.233,19,audio,4,music_drama.mp3,music_drama.mp3,music_drama.mp3,staged_audio,1.0,0.19456399977207184,,,speeds:speed,3E90D3C4-805B-4A29-9884-5DC44DA6A6CF,70366666,15866667
1:11.633,1:13.267,71.633,73.267,2,video,2,hf_20260722_215402_d173dd7d-b468-402d-b3b0-df4cb632300e.mp4,hf_20260722_215402_d173dd7d-b468-402d-b3b0-df4cb632300e.mp4,hf_20260722_215402_d173dd7d-b468-402d-b3b0-df4cb632300e.mp4,legend_hf,1.78,1.0,1.0,1.0,speeds:speed | common_mask:Rectangle | canvases:canvas_color | material_animations:sticker_animation,80A35DA3-0C02-4F37-A445-00F3C8CC4794,71633333,1633333
1:11.633,1:13.267,71.633,73.267,5,video,0,2C03C154-F2C4-4558-9FEE-E8DA7D8D896E.PNG,2C03C154-F2C4-4558-9FEE-E8DA7D8D896E.PNG,2C03C154-F2C4-4558-9FEE-E8DA7D8D896E.PNG,legend_still,1.0,1.0,0.6091968403397146,0.77,speeds:speed | canvases:canvas_color | material_animations:sticker_animation,6212209E-276C-45E2-9E13-0A5AD40C7921,71633333,1633333
1:11.800,1:13.267,71.8,73.267,13,audio,4,Digital Device Gadget Scanning Programming Sound2,Digital Device Gadget Scanning Programming Sound2,6f3ed3a2c7e2ca773168c3140c7d06ce.mp3,capcut_stock,1.0,0.23848186433315277,,,speeds:speed | audio_fades:audio_fade,AE3882D9-F0C1-4299-8927-F100228B6385,71800000,1466666
1:13.033,1:14.067,73.033,74.067,12,text,34,TOMORROW,TOMORROW,,text,1.0,1.0,1.0,1.0,material_animations:sticker_animation | effects:7360971191827304961,BE89865A-7E60-4466-BB7A-2A676F24ABD0,73033333,1033333
1:14.067,1:15.833,74.067,75.833,12,text,35,THE SHIELD IS GONE,THE SHIELD IS GONE,,text,1.0,1.0,1.0,1.0,material_animations:sticker_animation | effects:7360971191827304961,9F07E9E2-0C82-40EA-ACAD-5DF88AF651C1,74066666,1766667
1:14.233,1:15.833,74.233,75.833,2,video,3,hf_20260722_224930_b79c5195-4d80-496b-9254-260b9dcab667.mp4,hf_20260722_224930_b79c5195-4d80-496b-9254-260b9dcab667.mp4,hf_20260722_224930_b79c5195-4d80-496b-9254-260b9dcab667.mp4,legend_hf,1.0,1.0,1.0,1.0,speeds:speed | canvases:canvas_color | material_animations:sticker_animation,E8D1430A-2172-4EBF-A298-9654D75D2560,74233333,1600000
1:14.233,1:15.833,74.233,75.833,5,video,1,irene_face.png,irene_face.png,irene_face.png,staged_kit,1.0,1.0,1.606660725815097,0.38,speeds:speed | video_effects:Shake | canvases:canvas_color | material_animations:sticker_animation,CDF76419-3595-460B-869B-30CA9657586B,74233333,1600000
1:15.167,1:16.633,75.167,76.633,13,audio,5,Digital Device Gadget Scanning Programming Sound2,Digital Device Gadget Scanning Programming Sound2,6f3ed3a2c7e2ca773168c3140c7d06ce.mp3,capcut_stock,1.0,0.23848186433315277,,,speeds:speed | audio_fades:audio_fade,460511D3-06C2-45F3-9753-B4B4A7112149,75166666,1466667
1:15.833,1:18.367,75.833,78.367,2,video,4,hf_20260708_015857_9a406841-b4e2-4dd6-9a1e-4243d8f5b282 2.MP4,hf_20260708_015857_9a406841-b4e2-4dd6-9a1e-4243d8f5b282 2.MP4,hf_20260708_015857_9a406841-b4e2-4dd6-9a1e-4243d8f5b282 2.MP4,legend_hf,1.0,1.0,1.0,1.0,speeds:speed | canvases:canvas_color | material_animations:sticker_animation,5FF7A547-1670-4208-A4D6-8463818238DB,75833333,2533333
1:15.833,1:18.367,75.833,78.367,5,video,2,Talk.mp4,Talk.mp4,Talk.mp4,staged_kit,1.78,1.0,1.0,0.51,speeds:speed | canvases:canvas_color | material_animations:sticker_animation,58DE97C2-C0E0-485D-80A4-E17002EF83B9,75833333,2533333
1:15.833,1:18.033,75.833,78.033,12,text,36,NEW ALLIANCES WILL FORM,NEW ALLIANCES WILL FORM,,text,1.0,1.0,1.0,1.0,material_animations:sticker_animation | effects:7360971191827304961,BDBDD260-E2A6-45FE-A31E-F496323A4C81,75833333,2200000
1:18.300,1:19.700,78.3,79.7,12,text,37,NEW TARGETS WILL EMERGE,NEW TARGETS WILL EMERGE,,text,1.0,1.0,1.0,1.0,material_animations:sticker_animation | effects:7360971191827304961,4B29A949-3C1A-4F6F-BFC0-2C46E1C10490,78300000,1400000
1:18.333,1:20.167,78.333,80.167,17,audio,8,Horror Trailer Opener,Horror Trailer Opener,a5898644c22b97b2956ec62ae85e0cc2.mp3,capcut_stock,1.0,0.17043063044548035,,,speeds:speed,CA094ABD-7793-43D0-8EBE-D149EB00BD1A,78333333,1833333
1:18.367,1:20.600,78.367,80.6,2,video,5,hf_20260722_225047_3d0ced5c-c8db-4b60-b39d-59fbaf7bb889.mp4,hf_20260722_225047_3d0ced5c-c8db-4b60-b39d-59fbaf7bb889.mp4,hf_20260722_225047_3d0ced5c-c8db-4b60-b39d-59fbaf7bb889.mp4,legend_hf,1.72,1.0,1.0,1.0,speeds:speed | canvases:canvas_color | material_animations:sticker_animation,9DBE0A2B-5D39-4C5B-A787-34341B89EAF2,78366666,2233334
1:20.233,1:21.400,80.233,81.4,12,text,38,AND ANOTHER DOUBLE,AND ANOTHER DOUBLE,,text,1.0,1.0,1.0,1.0,material_animations:sticker_animation | effects:7360971191827304961,E866B3E8-E515-48A5-9BFD-6D74DED62000,80233333,1166667
1:20.600,1:22.900,80.6,82.9,2,video,6,hf_20260722_230056_75260568-f1c8-4c85-ac18-5dfd29b58798.mp4,hf_20260722_230056_75260568-f1c8-4c85-ac18-5dfd29b58798.mp4,hf_20260722_230056_75260568-f1c8-4c85-ac18-5dfd29b58798.mp4,legend_hf,1.0,1.0,1.0174729585165816,0.64,speeds:speed | canvases:canvas_color | material_animations:sticker_animation,620D3D9B-6D37-453B-A587-9A2ABE1A91E3,80600000,2300000
1:20.900,1:23.200,80.9,83.2,17,audio,9,Digital Device Gadget Scanning Programming Sound2,Digital Device Gadget Scanning Programming Sound2,6f3ed3a2c7e2ca773168c3140c7d06ce.mp3,capcut_stock,1.0,0.2556167542934418,,,speeds:speed | audio_fades:audio_fade,B80CFF94-F5F3-46F7-B415-C569A7F00359,80900000,2300000
1:21.400,1:22.900,81.4,82.9,12,text,39,WILL LEAVE THE GAME,WILL LEAVE THE GAME,,text,1.0,1.0,1.0,1.0,material_animations:sticker_animation | effects:7360971191827304961,E56BD2F9-F27A-4D69-B781-BE2CCD1D1140,81400000,1500000
1:22.900,1:25.600,82.9,85.6,3,video,0,hf_20260722_230756_90488b12-a80b-4f14-85e0-5f6398983f8a.mp4,hf_20260722_230756_90488b12-a80b-4f14-85e0-5f6398983f8a.mp4,hf_20260722_230756_90488b12-a80b-4f14-85e0-5f6398983f8a.mp4,legend_hf,1.5114770379893443,1.0,1.0,1.0,speeds:speed | canvases:canvas_color,6E115C8E-5E2C-44A6-A3FA-6E4996A7B868,82900000,2700000
1:22.900,1:24.467,82.9,84.467,12,text,40,WATCH EVERY CONVERSATION,WATCH EVERY CONVERSATION,,text,1.0,1.0,1.0,1.0,material_animations:sticker_animation | effects:7360971191827304961,561DA8A4-C030-4810-8BF3-D3F42FE3F073,82900000,1566666
1:24.467,1:25.333,84.467,85.333,12,text,41,CHALLENGE,CHALLENGE,,text,1.0,1.0,1.0,1.0,material_animations:sticker_animation | effects:7360971191827304961,65C32FB5-8E67-4E80-97E3-FACAFBDBDD58,84466666,866667
1:24.567,1:26.400,84.567,86.4,17,audio,10,Short Whoosh 4,Short Whoosh 4,7e380328c2613f621cbb05b88d1ff84a.mp3,capcut_stock,1.0,0.23088349401950836,,,speeds:speed,CD208E15-D87E-4D74-AF68-F39361F3CD25,84566666,1833334
1:25.333,1:26.167,85.333,86.167,12,text,42,AND VOTE,AND VOTE,,text,1.0,1.0,1.0,1.0,material_animations:sticker_animation | effects:7360971191827304961,40778EB9-B650-4B4E-9DA6-1AE0203E3D84,85333333,833333
1:25.600,1:26.733,85.6,86.733,3,video,1,signature_flyover.mp4,signature_flyover.mp4,signature_flyover.mp4,staged_phaser,4.23,0.0,1.7555555555555555,1.0,speeds:speed | canvases:canvas_color | material_animations:sticker_animation,0BA9A9F7-1A3F-4DDA-82EB-70A2C8652A8E,85600000,1133333
1:26.233,1:28.233,86.233,88.233,19,audio,5,music_drama.mp3,music_drama.mp3,music_drama.mp3,staged_audio,1.0,0.19456399977207184,,,speeds:speed,9EE5DBC3-373F-43B2-972C-7D1BA98E52E7,86233333,2000000
1:26.400,1:28.233,86.4,88.233,18,audio,0,Cinematic Whoosh Hit Low 2,Cinematic Whoosh Hit Low 2,ec26041d833dd78bc1a88eb9eca84b71.mp3,capcut_stock,1.0,0.509760320186615,,,speeds:speed,FEF99001-B035-4522-A280-67B98288D9EF,86400000,1833333
1:26.733,1:28.233,86.733,88.233,3,video,2,22F06DF6-E91F-4F98-9A12-B7CB1BE8A142.PNG,22F06DF6-E91F-4F98-9A12-B7CB1BE8A142.PNG,22F06DF6-E91F-4F98-9A12-B7CB1BE8A142.PNG,legend_still,1.0,1.0,1.0,1.0,speeds:speed | canvases:canvas_color | material_animations:sticker_animation,5F8C663F-7291-4DD4-B7B1-E5DB58B57083,86733333,1500000
1:27.467,1:28.233,87.467,88.233,17,audio,11,Digital Device Gadget Scanning Programming Sound2,Digital Device Gadget Scanning Programming Sound2,6f3ed3a2c7e2ca773168c3140c7d06ce.mp3,capcut_stock,1.0,0.33987903594970703,,,speeds:speed | audio_fades:audio_fade,A01F934E-96AA-45E0-8B48-8A1AE298A029,87466666,766667
